,Date,BidOpen,BidHigh,BidLow,BidClose,AskOpen,AskHigh,AskLow,AskClose,Volume
0,2025-02-02 18:00:00,155.153,155.337,154.959,155.32899999999998,155.261,155.455,155.076,155.415,131
1,2025-02-02 19:00:00,155.32899999999998,155.69299999999998,155.105,155.296,155.415,155.756,155.229,155.403,187
2,2025-02-02 20:00:00,155.296,155.296,154.619,154.94199999999998,155.403,155.403,154.697,154.997,389
3,2025-02-02 21:00:00,154.94199999999998,154.974,154.653,154.761,154.997,155.034,154.732,154.82500000000002,303
4,2025-02-02 22:00:00,154.761,155.077,154.761,155.004,154.82500000000002,155.178,154.82500000000002,155.072,1572
5,2025-02-02 23:00:00,155.004,155.432,154.88899999999998,155.339,155.072,155.454,154.949,155.364,33948
6,2025-02-03 00:00:00,155.339,155.795,155.339,155.695,155.364,155.815,155.363,155.713,41907
7,2025-02-03 01:00:00,155.695,155.87699999999998,155.63799999999998,155.725,155.713,155.898,155.659,155.745,27722
8,2025-02-03 02:00:00,155.725,155.867,155.45999999999998,155.536,155.745,155.888,155.478,155.55100000000002,21668
9,2025-02-03 03:00:00,155.536,155.75199999999998,155.483,155.643,155.55100000000002,155.77,155.50300000000001,155.657,13455
10,2025-02-03 04:00:00,155.643,155.742,155.558,155.70499999999998,155.657,155.757,155.578,155.722,16566
11,2025-02-03 05:00:00,155.70499999999998,155.70499999999998,155.45499999999998,155.569,155.722,155.722,155.469,155.584,11285
12,2025-02-03 06:00:00,155.569,155.607,155.27599999999998,155.37199999999999,155.584,155.624,155.291,155.388,17271
13,2025-02-03 07:00:00,155.37199999999999,155.65699999999998,155.37199999999999,155.613,155.388,155.675,155.388,155.632,19882
14,2025-02-03 08:00:00,155.613,155.707,155.343,155.451,155.632,155.725,155.359,155.466,24171
15,2025-02-03 09:00:00,155.451,155.464,154.994,154.995,155.466,155.481,155.00900000000001,155.01,17840
16,2025-02-03 10:00:00,154.995,155.124,154.825,154.933,155.01,155.141,154.842,154.948,15659
17,2025-02-03 11:00:00,154.933,154.95999999999998,154.58499999999998,154.6,154.948,154.97400000000002,154.601,154.616,17247
18,2025-02-03 12:00:00,154.6,154.61599999999999,154.279,154.563,154.616,154.633,154.297,154.578,28620
19,2025-02-03 13:00:00,154.563,154.828,154.396,154.641,154.578,154.845,154.41400000000002,154.656,26091
20,2025-02-03 14:00:00,154.641,154.73999999999998,154.368,154.517,154.656,154.75900000000001,154.383,154.535,34617
21,2025-02-03 15:00:00,154.517,154.861,154.00199999999998,154.718,154.535,154.875,154.016,154.734,75588
22,2025-02-03 16:00:00,154.718,154.861,154.535,154.682,154.734,154.879,154.552,154.698,41563
23,2025-02-03 17:00:00,154.682,154.718,154.50799999999998,154.647,154.698,154.73600000000002,154.53,154.66400000000002,28532
24,2025-02-03 18:00:00,154.647,155.004,154.564,154.95,154.66400000000002,155.02100000000002,154.583,154.967,15544
25,2025-02-03 19:00:00,154.95,154.993,154.821,154.89399999999998,154.967,155.00900000000001,154.835,154.90800000000002,16177
26,2025-02-03 20:00:00,154.89399999999998,154.89499999999998,154.643,154.707,154.90800000000002,154.909,154.661,154.72,10920
27,2025-02-03 21:00:00,154.707,154.921,154.53,154.67999999999998,154.72,154.942,154.556,154.79,15498
28,2025-02-03 22:00:00,154.67999999999998,154.85299999999998,154.678,154.778,154.79,154.952,154.78900000000002,154.869,4270
29,2025-02-03 23:00:00,154.778,155.29,154.768,155.26,154.869,155.308,154.79500000000002,155.281,13035
30,2025-02-04 00:00:00,155.26,155.398,155.176,155.304,155.281,155.417,155.197,155.322,17867
31,2025-02-04 01:00:00,155.304,155.39,155.03699999999998,155.09699999999998,155.322,155.407,155.058,155.116,19352
32,2025-02-04 02:00:00,155.09699999999998,155.245,155.03,155.14399999999998,155.116,155.26500000000001,155.052,155.163,11683
33,2025-02-04 03:00:00,155.14399999999998,155.296,155.057,155.202,155.163,155.315,155.077,155.22,8668
34,2025-02-04 04:00:00,155.202,155.279,155.178,155.273,155.22,155.298,155.19400000000002,155.291,8733
35,2025-02-04 05:00:00,155.273,155.325,154.81699999999998,155.242,155.291,155.34300000000002,154.83700000000002,155.25900000000001,29476
36,2025-02-04 06:00:00,155.242,155.384,155.15099999999998,155.213,155.25900000000001,155.4,155.169,155.232,14690
37,2025-02-04 07:00:00,155.213,155.352,155.161,155.319,155.232,155.369,155.17600000000002,155.335,14233
38,2025-02-04 08:00:00,155.319,155.51999999999998,155.12,155.238,155.335,155.538,155.137,155.254,23545
39,2025-02-04 09:00:00,155.238,155.34799999999998,155.058,155.334,155.254,155.364,155.076,155.35,16220
40,2025-02-04 10:00:00,155.334,155.356,155.23399999999998,155.26299999999998,155.35,155.374,155.254,155.282,12280
41,2025-02-04 11:00:00,155.26299999999998,155.32999999999998,155.137,155.30599999999998,155.282,155.346,155.153,155.324,9826
42,2025-02-04 12:00:00,155.30599999999998,155.38899999999998,155.23,155.271,155.324,155.406,155.247,155.28900000000002,11549
43,2025-02-04 13:00:00,155.271,155.379,155.237,155.254,155.28900000000002,155.397,155.25300000000001,155.269,13721
44,2025-02-04 14:00:00,155.254,155.25699999999998,154.947,155.005,155.269,155.27100000000002,154.964,155.05100000000002,27560
45,2025-02-04 15:00:00,155.005,155.01,154.528,154.66799999999998,155.05100000000002,155.064,154.54500000000002,154.685,36650
46,2025-02-04 16:00:00,154.66799999999998,154.66799999999998,154.458,154.554,154.685,154.685,154.47400000000002,154.571,22295
47,2025-02-04 17:00:00,154.554,154.62,154.244,154.262,154.571,154.637,154.257,154.278,17645
48,2025-02-04 18:00:00,154.262,154.327,154.166,154.292,154.278,154.345,154.18200000000002,154.308,12649
49,2025-02-04 19:00:00,154.292,154.32899999999998,154.22,154.279,154.308,154.345,154.23600000000002,154.294,12075
50,2025-02-04 20:00:00,154.279,154.315,154.22799999999998,154.25699999999998,154.294,154.329,154.241,154.275,7285
51,2025-02-04 21:00:00,154.25699999999998,154.34,154.227,154.31799999999998,154.275,154.364,154.24200000000002,154.347,4339
52,2025-02-04 22:00:00,154.31799999999998,154.38199999999998,154.29,154.33599999999998,154.347,154.445,154.342,154.41,867
53,2025-02-04 23:00:00,154.33599999999998,154.45499999999998,154.02599999999998,154.126,154.41,154.47400000000002,154.042,154.144,9187
54,2025-02-05 00:00:00,154.126,154.351,153.814,153.84799999999998,154.144,154.37,153.833,153.864,22663
55,2025-02-05 01:00:00,153.84799999999998,153.84799999999998,153.457,153.576,153.864,153.865,153.477,153.595,31925
56,2025-02-05 02:00:00,153.576,153.63299999999998,153.161,153.38199999999998,153.595,153.65200000000002,153.177,153.401,24146
57,2025-02-05 03:00:00,153.38199999999998,153.456,153.082,153.214,153.401,153.473,153.095,153.231,17284
58,2025-02-05 04:00:00,153.214,153.385,153.106,153.35,153.231,153.404,153.123,153.369,14423
59,2025-02-05 05:00:00,153.35,153.56099999999998,153.343,153.421,153.369,153.579,153.36100000000002,153.433,12990
60,2025-02-05 06:00:00,153.421,153.444,153.152,153.17999999999998,153.433,153.46200000000002,153.169,153.199,15517
61,2025-02-05 07:00:00,153.17999999999998,153.35899999999998,153.064,153.297,153.199,153.376,153.08,153.315,18064
62,2025-02-05 08:00:00,153.297,153.38799999999998,152.908,153.04899999999998,153.315,153.404,152.924,153.062,23149
63,2025-02-05 09:00:00,153.04899999999998,153.125,152.634,152.837,153.062,153.143,152.653,152.853,21188
64,2025-02-05 10:00:00,152.837,152.838,152.542,152.635,152.853,152.853,152.55700000000002,152.654,14458
65,2025-02-05 11:00:00,152.635,152.879,152.618,152.86499999999998,152.654,152.89600000000002,152.636,152.883,11514
66,2025-02-05 12:00:00,152.86499999999998,152.94199999999998,152.733,152.856,152.883,152.957,152.749,152.871,11797
67,2025-02-05 13:00:00,152.856,153.101,152.72799999999998,153.03799999999998,152.871,153.119,152.77,153.054,31060
68,2025-02-05 14:00:00,153.03799999999998,153.201,152.753,152.753,153.054,153.215,152.78900000000002,152.809,25958
69,2025-02-05 15:00:00,152.753,152.753,152.106,152.131,152.809,152.809,152.123,152.147,48832
70,2025-02-05 16:00:00,152.131,152.381,152.10399999999998,152.32999999999998,152.147,152.398,152.123,152.345,22587
71,2025-02-05 17:00:00,152.32999999999998,152.43699999999998,152.244,152.283,152.345,152.452,152.264,152.299,13045
72,2025-02-05 18:00:00,152.283,152.40099999999998,152.239,152.31099999999998,152.299,152.418,152.254,152.328,11231
73,2025-02-05 19:00:00,152.31099999999998,152.536,152.303,152.515,152.328,152.554,152.32,152.531,10835
74,2025-02-05 20:00:00,152.515,152.761,152.515,152.68599999999998,152.531,152.776,152.53,152.701,10149
75,2025-02-05 21:00:00,152.68599999999998,152.70399999999998,152.571,152.581,152.701,152.721,152.597,152.64000000000001,6084
76,2025-02-05 22:00:00,152.581,152.594,152.492,152.55499999999998,152.64000000000001,152.672,152.54500000000002,152.616,1390
77,2025-02-05 23:00:00,152.55499999999998,152.743,152.46099999999998,152.64399999999998,152.616,152.763,152.479,152.662,4987
78,2025-02-06 00:00:00,152.64399999999998,152.682,152.31799999999998,152.34799999999998,152.662,152.698,152.336,152.368,19038
79,2025-02-06 01:00:00,152.34799999999998,152.37699999999998,151.801,152.053,152.368,152.395,151.81900000000002,152.07,23034
80,2025-02-06 02:00:00,152.053,152.29299999999998,151.92399999999998,152.248,152.07,152.311,151.942,152.266,17017
81,2025-02-06 03:00:00,152.248,152.283,152.046,152.231,152.266,152.3,152.06300000000002,152.247,9885
82,2025-02-06 04:00:00,152.231,152.34799999999998,152.12199999999999,152.344,152.247,152.366,152.139,152.362,8134
83,2025-02-06 05:00:00,152.344,152.50799999999998,152.158,152.415,152.362,152.528,152.178,152.429,16718
84,2025-02-06 06:00:00,152.415,152.582,152.39499999999998,152.55499999999998,152.429,152.598,152.413,152.572,10737
85,2025-02-06 07:00:00,152.55499999999998,152.666,152.47899999999998,152.575,152.572,152.68200000000002,152.497,152.591,20033
86,2025-02-06 08:00:00,152.575,152.694,152.444,152.636,152.591,152.709,152.459,152.651,18850
87,2025-02-06 09:00:00,152.636,152.89,152.53199999999998,152.654,152.651,152.905,152.549,152.672,16697
88,2025-02-06 10:00:00,152.654,152.67499999999998,152.49699999999999,152.527,152.672,152.69400000000002,152.51500000000001,152.541,13194
89,2025-02-06 11:00:00,152.527,152.539,152.35399999999998,152.42399999999998,152.541,152.55700000000002,152.371,152.442,13521
90,2025-02-06 12:00:00,152.42399999999998,152.45999999999998,152.25699999999998,152.37,152.442,152.48000000000002,152.276,152.388,22512
91,2025-02-06 13:00:00,152.37,152.524,152.047,152.07399999999998,152.388,152.54,152.066,152.09,26964
92,2025-02-06 14:00:00,152.07399999999998,152.207,151.85,152.10399999999998,152.09,152.225,151.869,152.12,27190
93,2025-02-06 15:00:00,152.10399999999998,152.149,151.65099999999998,151.685,152.12,152.168,151.668,151.701,28661
94,2025-02-06 16:00:00,151.685,152.042,151.659,152.035,151.701,152.062,151.675,152.054,22292
95,2025-02-06 17:00:00,152.035,152.054,151.84,151.862,152.054,152.072,151.857,151.881,14359
96,2025-02-06 18:00:00,151.862,151.873,151.308,151.32,151.881,151.893,151.321,151.341,19048
97,2025-02-06 19:00:00,151.32,151.426,151.231,151.379,151.341,151.443,151.247,151.397,14596
98,2025-02-06 20:00:00,151.379,151.53199999999998,151.34699999999998,151.523,151.397,151.548,151.36100000000002,151.541,6807
99,2025-02-06 21:00:00,151.523,151.53199999999998,151.344,151.35399999999998,151.541,151.546,151.43,151.47,3546
100,2025-02-06 22:00:00,151.35399999999998,151.47199999999998,151.344,151.434,151.47,151.531,151.448,151.478,2266
101,2025-02-06 23:00:00,151.434,151.438,151.147,151.16199999999998,151.478,151.482,151.163,151.18200000000002,7741
102,2025-02-07 00:00:00,151.16199999999998,151.259,150.94799999999998,151.20999999999998,151.18200000000002,151.278,150.964,151.227,21692
103,2025-02-07 01:00:00,151.20999999999998,151.653,151.201,151.59699999999998,151.227,151.672,151.21800000000002,151.616,23300
104,2025-02-07 02:00:00,151.59699999999998,151.733,151.536,151.602,151.616,151.752,151.553,151.61700000000002,16243
105,2025-02-07 03:00:00,151.602,151.72899999999998,151.439,151.575,151.61700000000002,151.746,151.45600000000002,151.59300000000002,11626
106,2025-02-07 04:00:00,151.575,151.707,151.53699999999998,151.67,151.59300000000002,151.72400000000002,151.553,151.689,9143
107,2025-02-07 05:00:00,151.67,151.784,151.612,151.714,151.689,151.80100000000002,151.627,151.729,12013
108,2025-02-07 06:00:00,151.714,151.834,151.583,151.833,151.729,151.848,151.59900000000002,151.845,11568
109,2025-02-07 07:00:00,151.833,151.879,151.661,151.816,151.845,151.89600000000002,151.67600000000002,151.834,15181
110,2025-02-07 08:00:00,151.816,151.885,151.66,151.736,151.834,151.90200000000002,151.67600000000002,151.75300000000001,16153
111,2025-02-07 09:00:00,151.736,151.826,151.68699999999998,151.816,151.75300000000001,151.84300000000002,151.705,151.83100000000002,15069
112,2025-02-07 10:00:00,151.816,152.155,151.792,152.129,151.83100000000002,152.172,151.809,152.14600000000002,14074
113,2025-02-07 11:00:00,152.129,152.178,152.06099999999998,152.148,152.14600000000002,152.193,152.076,152.165,10886
114,2025-02-07 12:00:00,152.148,152.239,151.97299999999998,152.004,152.165,152.254,151.988,152.02,12282
115,2025-02-07 13:00:00,152.004,152.417,151.27599999999998,151.944,152.02,152.441,151.36700000000002,151.961,51680
116,2025-02-07 14:00:00,151.944,151.993,151.477,151.51999999999998,151.961,152.012,151.491,151.547,40305
117,2025-02-07 15:00:00,151.51999999999998,151.754,151.266,151.38,151.547,151.77,151.288,151.397,58086
118,2025-02-07 16:00:00,151.38,151.55499999999998,150.922,151.296,151.397,151.572,150.936,151.314,53678
119,2025-02-07 17:00:00,151.296,151.84799999999998,151.25699999999998,151.65599999999998,151.314,151.876,151.27700000000002,151.675,43793
120,2025-02-07 18:00:00,151.65599999999998,151.733,151.34199999999998,151.38,151.675,151.747,151.359,151.394,15725
121,2025-02-07 19:00:00,151.38,151.51999999999998,151.19,151.375,151.394,151.535,151.204,151.391,18358
122,2025-02-07 20:00:00,151.375,151.422,151.24699999999999,151.29399999999998,151.391,151.435,151.261,151.31,13541
123,2025-02-07 21:00:00,151.29399999999998,151.439,151.26299999999998,151.387,151.31,151.478,151.281,151.43200000000002,5343
124,2025-02-09 18:00:00,151.387,151.387,151.095,151.135,151.43200000000002,151.43200000000002,151.205,151.22400000000002,25
125,2025-02-09 20:00:00,151.135,151.34799999999998,151.135,151.19,151.22400000000002,151.40200000000002,151.22400000000002,151.304,94
126,2025-02-09 21:00:00,151.19,151.589,151.178,151.2,151.304,151.687,151.254,151.321,103
127,2025-02-09 22:00:00,151.2,151.56699999999998,151.167,151.515,151.321,151.615,151.278,151.59,2124
128,2025-02-09 23:00:00,151.515,151.87699999999998,151.451,151.86599999999999,151.59,151.89600000000002,151.47400000000002,151.886,10584
129,2025-02-10 00:00:00,151.86599999999999,151.911,151.617,151.86599999999999,151.886,151.931,151.63400000000001,151.883,20916
130,2025-02-10 01:00:00,151.86599999999999,152.13199999999998,151.85999999999999,151.994,151.883,152.153,151.877,152.008,21325
131,2025-02-10 02:00:00,151.994,152.20499999999998,151.904,152.14,152.008,152.223,151.92000000000002,152.156,15269
132,2025-02-10 03:00:00,152.14,152.143,151.874,151.91299999999998,152.156,152.159,151.892,151.928,11608
133,2025-02-10 04:00:00,151.91299999999998,151.962,151.816,151.897,151.928,151.981,151.836,151.913,9502
134,2025-02-10 05:00:00,151.897,152.04399999999998,151.89499999999998,151.94199999999998,151.913,152.059,151.909,151.959,10616
135,2025-02-10 06:00:00,151.94199999999998,151.95999999999998,151.76399999999998,151.885,151.959,151.978,151.779,151.903,12951
136,2025-02-10 07:00:00,151.885,152.18099999999998,151.862,152.16,151.903,152.199,151.877,152.177,17689
137,2025-02-10 08:00:00,152.16,152.53199999999998,152.12,152.38299999999998,152.177,152.547,152.136,152.398,23203
138,2025-02-10 09:00:00,152.38299999999998,152.40099999999998,152.16,152.188,152.398,152.417,152.177,152.20600000000002,17142
139,2025-02-10 10:00:00,152.188,152.29899999999998,152.063,152.081,152.20600000000002,152.316,152.08,152.098,11400
140,2025-02-10 11:00:00,152.081,152.188,152.006,152.113,152.098,152.204,152.019,152.13,11543
141,2025-02-10 12:00:00,152.113,152.239,152.024,152.057,152.13,152.255,152.03900000000002,152.076,14165
142,2025-02-10 13:00:00,152.057,152.07899999999998,151.798,151.856,152.076,152.095,151.812,151.874,18297
143,2025-02-10 14:00:00,151.856,151.857,151.577,151.631,151.874,151.876,151.59300000000002,151.64600000000002,21506
144,2025-02-10 15:00:00,151.631,151.688,151.565,151.602,151.64600000000002,151.705,151.578,151.61700000000002,19197
145,2025-02-10 16:00:00,151.602,151.785,151.566,151.714,151.61700000000002,151.8,151.583,151.732,15009
146,2025-02-10 17:00:00,151.714,151.916,151.69799999999998,151.85999999999999,151.732,151.929,151.715,151.874,10751
147,2025-02-10 18:00:00,151.85999999999999,152.06699999999998,151.852,152.03,151.874,152.08100000000002,151.869,152.04500000000002,9878
148,2025-02-10 19:00:00,152.03,152.05599999999998,151.94299999999998,151.969,152.04500000000002,152.072,151.96,151.98600000000002,9201
149,2025-02-10 20:00:00,151.969,152.024,151.941,151.94199999999998,151.98600000000002,152.041,151.955,151.95600000000002,7443
150,2025-02-10 21:00:00,151.94199999999998,152.001,151.91,151.987,151.95600000000002,152.02,151.922,152.012,5763
151,2025-02-10 22:00:00,151.987,151.987,151.869,151.869,152.012,152.078,151.90200000000002,151.903,1427
152,2025-02-10 23:00:00,151.869,151.952,151.74699999999999,151.78099999999998,151.903,151.981,151.761,151.8,5407
153,2025-02-11 00:00:00,151.78099999999998,151.88199999999998,151.678,151.797,151.8,151.9,151.693,151.814,11409
154,2025-02-11 01:00:00,151.797,152.05499999999998,151.78699999999998,152.006,151.814,152.073,151.805,152.024,15113
155,2025-02-11 02:00:00,152.006,152.03,151.914,151.963,152.024,152.048,151.933,151.981,10453
156,2025-02-11 03:00:00,151.963,152.041,151.909,151.974,151.981,152.05700000000002,151.925,151.991,9572
157,2025-02-11 04:00:00,151.974,152.034,151.971,151.98,151.991,152.05100000000002,151.99,151.999,6243
158,2025-02-11 05:00:00,151.98,151.995,151.932,151.944,151.999,152.014,151.951,151.961,6024
159,2025-02-11 06:00:00,151.944,151.98,151.82299999999998,151.911,151.961,151.995,151.841,151.92600000000002,9098
160,2025-02-11 07:00:00,151.911,152.04,151.86499999999998,151.945,151.92600000000002,152.055,151.879,151.963,13366
161,2025-02-11 08:00:00,151.945,152.09099999999998,151.64,151.862,151.963,152.11,151.655,151.88,22772
162,2025-02-11 09:00:00,151.862,151.993,151.821,151.939,151.88,152.008,151.839,151.952,15044
163,2025-02-11 10:00:00,151.939,152.141,151.93599999999998,152.126,151.952,152.157,151.95000000000002,152.14000000000001,14826
164,2025-02-11 11:00:00,152.126,152.369,152.111,152.339,152.14000000000001,152.386,152.129,152.35500000000002,13003
165,2025-02-11 12:00:00,152.339,152.40599999999998,152.214,152.37,152.35500000000002,152.425,152.23000000000002,152.389,15884
166,2025-02-11 13:00:00,152.37,152.505,152.29399999999998,152.297,152.389,152.519,152.31,152.314,17511
167,2025-02-11 14:00:00,152.297,152.45499999999998,152.22299999999998,152.286,152.314,152.473,152.24,152.305,21157
168,2025-02-11 15:00:00,152.286,152.589,152.22799999999998,152.48499999999999,152.305,152.606,152.244,152.502,33903
169,2025-02-11 16:00:00,152.48499999999999,152.528,152.24099999999999,152.363,152.502,152.544,152.257,152.379,22027
170,2025-02-11 17:00:00,152.363,152.39999999999998,152.284,152.362,152.379,152.419,152.299,152.379,13203
171,2025-02-11 18:00:00,152.362,152.47299999999998,152.28199999999998,152.42499999999998,152.379,152.489,152.299,152.442,10175
172,2025-02-11 19:00:00,152.42499999999998,152.551,152.283,152.483,152.442,152.566,152.302,152.501,16097
173,2025-02-11 20:00:00,152.483,152.599,152.444,152.548,152.501,152.616,152.457,152.561,14907
174,2025-02-11 21:00:00,152.548,152.554,152.414,152.465,152.561,152.567,152.43200000000002,152.50900000000001,5002
175,2025-02-11 22:00:00,152.465,152.47799999999998,152.34099999999998,152.42999999999998,152.50900000000001,152.55100000000002,152.416,152.477,1188
176,2025-02-11 23:00:00,152.42999999999998,152.761,152.427,152.76,152.477,152.781,152.473,152.779,6408
177,2025-02-12 00:00:00,152.76,153.224,152.72199999999998,153.182,152.779,153.239,152.738,153.20000000000002,20972
178,2025-02-12 01:00:00,153.182,153.483,153.066,153.462,153.20000000000002,153.499,153.079,153.481,21710
179,2025-02-12 02:00:00,153.462,153.522,153.35399999999998,153.45399999999998,153.481,153.54,153.369,153.467,16923
180,2025-02-12 03:00:00,153.45399999999998,153.676,153.44899999999998,153.626,153.467,153.69400000000002,153.463,153.643,16278
181,2025-02-12 04:00:00,153.626,153.727,153.569,153.679,153.643,153.743,153.586,153.698,16549
182,2025-02-12 05:00:00,153.679,153.697,153.51999999999998,153.534,153.698,153.716,153.535,153.548,14755
183,2025-02-12 06:00:00,153.534,153.69799999999998,153.49699999999999,153.582,153.548,153.716,153.51500000000001,153.59900000000002,13605
184,2025-02-12 07:00:00,153.582,153.678,153.40699999999998,153.671,153.59900000000002,153.69400000000002,153.425,153.687,17778
185,2025-02-12 08:00:00,153.671,153.88,153.493,153.545,153.687,153.897,153.512,153.561,20882
186,2025-02-12 09:00:00,153.545,153.58599999999998,153.405,153.51,153.561,153.602,153.424,153.52700000000002,15792
187,2025-02-12 10:00:00,153.51,153.691,153.48399999999998,153.57399999999998,153.52700000000002,153.707,153.501,153.588,12986
188,2025-02-12 11:00:00,153.57399999999998,153.628,153.45399999999998,153.547,153.588,153.645,153.471,153.56300000000002,11795
189,2025-02-12 12:00:00,153.547,153.636,153.368,153.552,153.56300000000002,153.653,153.388,153.571,14285
190,2025-02-12 13:00:00,153.552,154.447,153.25799999999998,154.409,153.571,154.465,153.35,154.422,47867
191,2025-02-12 14:00:00,154.409,154.474,154.134,154.422,154.422,154.49200000000002,154.149,154.436,35526
192,2025-02-12 15:00:00,154.422,154.60899999999998,154.307,154.432,154.436,154.626,154.32500000000002,154.449,37887
193,2025-02-12 16:00:00,154.432,154.79399999999998,154.39,154.619,154.449,154.81300000000002,154.406,154.633,25469
194,2025-02-12 17:00:00,154.619,154.624,154.309,154.343,154.633,154.641,154.326,154.362,28151
195,2025-02-12 18:00:00,154.343,154.486,154.277,154.35899999999998,154.362,154.505,154.29500000000002,154.377,18574
196,2025-02-12 19:00:00,154.35899999999998,154.477,154.309,154.42399999999998,154.377,154.491,154.323,154.439,10973
197,2025-02-12 20:00:00,154.42399999999998,154.458,154.32299999999998,154.43099999999998,154.439,154.472,154.338,154.44400000000002,10419
198,2025-02-12 21:00:00,154.43099999999998,154.48,154.37,154.404,154.44400000000002,154.497,154.385,154.428,11100
199,2025-02-12 22:00:00,154.404,154.404,154.29399999999998,154.34199999999998,154.428,154.461,154.341,154.421,1127
200,2025-02-12 23:00:00,154.34199999999998,154.463,154.18099999999998,154.23,154.421,154.48000000000002,154.202,154.245,7033
201,2025-02-13 00:00:00,154.23,154.547,154.114,154.53,154.245,154.566,154.129,154.549,21673
202,2025-02-13 01:00:00,154.53,154.66299999999998,154.213,154.279,154.549,154.678,154.232,154.296,21800
203,2025-02-13 02:00:00,154.279,154.345,154.15099999999998,154.221,154.296,154.362,154.168,154.237,13644
204,2025-02-13 03:00:00,154.221,154.28699999999998,154.17,154.23499999999999,154.237,154.302,154.184,154.251,13145
205,2025-02-13 04:00:00,154.23499999999999,154.48399999999998,154.206,154.352,154.251,154.501,154.227,154.368,17680
206,2025-02-13 05:00:00,154.352,154.402,154.124,154.161,154.368,154.418,154.142,154.17600000000002,16059
207,2025-02-13 06:00:00,154.161,154.22799999999998,153.95399999999998,154.042,154.17600000000002,154.246,153.97,154.061,18285
208,2025-02-13 07:00:00,154.042,154.308,153.946,154.26899999999998,154.061,154.32500000000002,153.965,154.287,21997
209,2025-02-13 08:00:00,154.26899999999998,154.33499999999998,154.011,154.01399999999998,154.287,154.35,154.02700000000002,154.029,25005
210,2025-02-13 09:00:00,154.01399999999998,154.084,153.88799999999998,153.97,154.029,154.101,153.905,153.988,18678
211,2025-02-13 10:00:00,153.97,154.009,153.76299999999998,153.78199999999998,153.988,154.02700000000002,153.78,153.80100000000002,15351
212,2025-02-13 11:00:00,153.78199999999998,153.875,153.72299999999998,153.84099999999998,153.80100000000002,153.891,153.74200000000002,153.85500000000002,18384
213,2025-02-13 12:00:00,153.84099999999998,153.899,153.737,153.845,153.85500000000002,153.918,153.75,153.86,19119
214,2025-02-13 13:00:00,153.845,154.006,153.416,153.50799999999998,153.86,154.032,153.431,153.526,37886
215,2025-02-13 14:00:00,153.50799999999998,153.599,153.34,153.509,153.526,153.614,153.358,153.524,32439
216,2025-02-13 15:00:00,153.509,153.713,153.06799999999998,153.12699999999998,153.524,153.729,153.085,153.144,42703
217,2025-02-13 16:00:00,153.12699999999998,153.173,152.914,153.173,153.144,153.19,152.933,153.19,24451
218,2025-02-13 17:00:00,153.173,153.19299999999998,153.045,153.16,153.19,153.205,153.061,153.174,15475
219,2025-02-13 18:00:00,153.16,153.34,153.129,153.267,153.174,153.358,153.144,153.281,31713
220,2025-02-13 19:00:00,153.267,153.271,152.76399999999998,152.92499999999998,153.281,153.284,152.779,152.94,18335
221,2025-02-13 20:00:00,152.92499999999998,152.986,152.694,152.737,152.94,153.002,152.709,152.75,10893
222,2025-02-13 21:00:00,152.737,152.844,152.72299999999998,152.785,152.75,152.859,152.738,152.81,9026
223,2025-02-13 22:00:00,152.785,152.84099999999998,152.751,152.814,152.81,152.918,152.81,152.87,760
224,2025-02-13 23:00:00,152.814,153.149,152.798,152.97799999999998,152.87,153.163,152.824,152.99200000000002,8700
225,2025-02-14 00:00:00,152.97799999999998,153.094,152.56799999999998,152.636,152.99200000000002,153.113,152.584,152.65200000000002,27676
226,2025-02-14 01:00:00,152.636,152.637,152.438,152.588,152.65200000000002,152.655,152.454,152.602,20367
227,2025-02-14 02:00:00,152.588,152.87,152.51399999999998,152.821,152.602,152.887,152.531,152.836,12261
228,2025-02-14 03:00:00,152.821,153.001,152.802,152.834,152.836,153.017,152.81900000000002,152.848,9689
229,2025-02-14 04:00:00,152.834,152.891,152.614,152.626,152.848,152.904,152.63,152.644,9041
230,2025-02-14 05:00:00,152.626,152.73,152.54899999999998,152.60899999999998,152.644,152.743,152.562,152.625,8119
231,2025-02-14 06:00:00,152.60899999999998,152.684,152.433,152.49599999999998,152.625,152.699,152.45000000000002,152.512,10380
232,2025-02-14 07:00:00,152.49599999999998,152.736,152.376,152.72,152.512,152.752,152.391,152.733,22517
233,2025-02-14 08:00:00,152.72,152.78,152.474,152.743,152.733,152.79500000000002,152.488,152.75900000000001,26117
234,2025-02-14 09:00:00,152.743,152.83499999999998,152.493,152.50699999999998,152.75900000000001,152.84900000000002,152.508,152.524,15418
235,2025-02-14 10:00:00,152.50699999999998,152.584,152.45999999999998,152.511,152.524,152.6,152.47400000000002,152.529,12477
236,2025-02-14 11:00:00,152.511,152.73399999999998,152.483,152.69899999999998,152.529,152.75,152.498,152.714,11734
237,2025-02-14 12:00:00,152.69899999999998,152.736,152.589,152.72899999999998,152.714,152.75,152.60500000000002,152.746,13569
238,2025-02-14 13:00:00,152.72899999999998,152.81799999999998,152.09099999999998,152.171,152.746,152.834,152.107,152.186,36644
239,2025-02-14 14:00:00,152.171,152.30499999999998,152.058,152.236,152.186,152.318,152.072,152.252,28475
240,2025-02-14 15:00:00,152.236,152.37099999999998,152.089,152.136,152.252,152.385,152.104,152.149,24122
241,2025-02-14 16:00:00,152.136,152.256,152.017,152.24699999999999,152.149,152.27100000000002,152.031,152.26,16498
242,2025-02-14 17:00:00,152.24699999999999,152.34199999999998,152.21599999999998,152.28799999999998,152.26,152.357,152.229,152.304,11604
243,2025-02-14 18:00:00,152.28799999999998,152.386,152.27499999999998,152.298,152.304,152.4,152.28900000000002,152.314,8504
244,2025-02-14 19:00:00,152.298,152.337,152.17,152.20399999999998,152.314,152.34900000000002,152.184,152.219,8920
245,2025-02-14 20:00:00,152.20399999999998,152.349,152.20399999999998,152.325,152.219,152.362,152.219,152.338,6754
246,2025-02-14 21:00:00,152.325,152.34799999999998,152.22199999999998,152.279,152.338,152.36700000000002,152.254,152.323,3545
247,2025-02-16 20:00:00,152.279,152.279,152.102,152.188,152.323,152.323,152.16400000000002,152.311,26
248,2025-02-16 21:00:00,152.188,152.197,152.188,152.194,152.311,152.318,152.302,152.315,15
249,2025-02-16 22:00:00,152.194,152.268,152.125,152.262,152.315,152.32500000000002,152.23000000000002,152.314,242
250,2025-02-16 23:00:00,152.262,152.38,151.96099999999998,151.998,152.314,152.412,151.97400000000002,152.022,10289
251,2025-02-17 00:00:00,151.998,152.10999999999999,151.777,151.873,152.022,152.125,151.791,151.886,19936
252,2025-02-17 01:00:00,151.873,151.932,151.731,151.91899999999998,151.886,151.94400000000002,151.749,151.931,13355
253,2025-02-17 02:00:00,151.91899999999998,151.91899999999998,151.501,151.545,151.931,151.935,151.513,151.56300000000002,14735
254,2025-02-17 03:00:00,151.545,151.661,151.528,151.612,151.56300000000002,151.674,151.543,151.625,13649
255,2025-02-17 04:00:00,151.612,151.774,151.599,151.679,151.625,151.787,151.612,151.696,11254
256,2025-02-17 05:00:00,151.679,151.69799999999998,151.468,151.516,151.696,151.714,151.482,151.535,18951
257,2025-02-17 06:00:00,151.516,151.785,151.482,151.7,151.535,151.798,151.498,151.717,17991
258,2025-02-17 07:00:00,151.7,151.886,151.593,151.85899999999998,151.717,151.903,151.607,151.875,17390
259,2025-02-17 08:00:00,151.85899999999998,151.938,151.737,151.756,151.875,151.954,151.751,151.769,18256
260,2025-02-17 09:00:00,151.756,151.84099999999998,151.71599999999998,151.79999999999998,151.769,151.857,151.731,151.815,14222
261,2025-02-17 10:00:00,151.79999999999998,151.83599999999998,151.589,151.607,151.815,151.851,151.604,151.622,13867
262,2025-02-17 11:00:00,151.607,151.70999999999998,151.488,151.5,151.622,151.726,151.502,151.513,13203
263,2025-02-17 12:00:00,151.5,151.53099999999998,151.39399999999998,151.504,151.513,151.546,151.406,151.516,14495
264,2025-02-17 13:00:00,151.504,151.524,151.432,151.469,151.516,151.537,151.449,151.482,9265
265,2025-02-17 14:00:00,151.469,151.494,151.41299999999998,151.465,151.482,151.506,151.429,151.478,11535
266,2025-02-17 15:00:00,151.465,151.474,151.332,151.361,151.478,151.487,151.344,151.373,12747
267,2025-02-17 16:00:00,151.361,151.438,151.33499999999998,151.432,151.373,151.452,151.351,151.448,5953
268,2025-02-17 17:00:00,151.432,151.445,151.363,151.379,151.448,151.459,151.37800000000001,151.393,3731
269,2025-02-17 18:00:00,151.379,151.41799999999998,151.363,151.37199999999999,151.393,151.43,151.37800000000001,151.388,3515
270,2025-02-17 19:00:00,151.37199999999999,151.396,151.35999999999999,151.39499999999998,151.388,151.411,151.376,151.41,6275
271,2025-02-17 20:00:00,151.39499999999998,151.421,151.37099999999998,151.39999999999998,151.41,151.437,151.385,151.41400000000002,7728
272,2025-02-17 21:00:00,151.39999999999998,151.522,151.39399999999998,151.483,151.41400000000002,151.543,151.407,151.535,6658
273,2025-02-17 22:00:00,151.483,151.503,151.40099999999998,151.499,151.535,151.574,151.508,151.54500000000002,872
274,2025-02-17 23:00:00,151.499,151.619,151.226,151.433,151.54500000000002,151.639,151.241,151.449,5632
275,2025-02-18 00:00:00,151.433,151.713,151.408,151.676,151.449,151.726,151.424,151.691,21258
276,2025-02-18 01:00:00,151.676,151.791,151.589,151.72899999999998,151.691,151.80700000000002,151.60500000000002,151.745,19327
277,2025-02-18 02:00:00,151.72899999999998,151.84799999999998,151.685,151.834,151.745,151.862,151.70000000000002,151.85,11474
278,2025-02-18 03:00:00,151.834,152.087,151.789,152.07399999999998,151.85,152.104,151.805,152.089,16649
279,2025-02-18 04:00:00,152.07399999999998,152.19,152.03,152.136,152.089,152.205,152.044,152.151,14246
280,2025-02-18 05:00:00,152.136,152.218,151.98499999999999,151.99699999999999,152.151,152.232,151.999,152.014,13806
281,2025-02-18 06:00:00,151.99699999999999,152.069,151.878,151.93099999999998,152.014,152.084,151.892,151.949,13994
282,2025-02-18 07:00:00,151.93099999999998,152.06199999999998,151.78799999999998,152.04999999999998,151.949,152.07500000000002,151.80100000000002,152.06300000000002,16311
283,2025-02-18 08:00:00,152.04999999999998,152.09799999999998,151.81,151.94199999999998,152.06300000000002,152.11100000000002,151.82500000000002,151.95600000000002,17452
284,2025-02-18 09:00:00,151.94199999999998,151.962,151.786,151.833,151.95600000000002,151.977,151.8,151.848,12013
285,2025-02-18 10:00:00,151.833,151.84099999999998,151.7,151.75799999999998,151.848,151.858,151.71200000000002,151.776,12138
286,2025-02-18 11:00:00,151.75799999999998,151.807,151.672,151.78,151.776,151.821,151.684,151.793,10070
287,2025-02-18 12:00:00,151.78,151.87699999999998,151.707,151.72,151.793,151.891,151.723,151.734,13805
288,2025-02-18 13:00:00,151.72,151.75699999999998,151.623,151.689,151.734,151.77100000000002,151.637,151.703,16249
289,2025-02-18 14:00:00,151.689,151.849,151.63799999999998,151.803,151.703,151.864,151.65,151.816,18057
290,2025-02-18 15:00:00,151.803,151.803,151.51999999999998,151.649,151.816,151.818,151.53300000000002,151.662,16435
291,2025-02-18 16:00:00,151.649,151.85999999999999,151.641,151.783,151.662,151.875,151.653,151.79500000000002,14544
292,2025-02-18 17:00:00,151.783,151.95499999999998,151.771,151.928,151.79500000000002,151.972,151.78300000000002,151.942,10301
293,2025-02-18 18:00:00,151.928,152.04,151.903,151.97199999999998,151.942,152.052,151.919,151.984,11716
294,2025-02-18 19:00:00,151.97199999999998,151.98399999999998,151.867,151.91799999999998,151.984,151.996,151.88,151.934,12297
295,2025-02-18 20:00:00,151.91799999999998,152.057,151.91799999999998,152.012,151.934,152.071,151.934,152.025,10515
296,2025-02-18 21:00:00,152.012,152.123,151.999,152.051,152.025,152.138,152.014,152.076,4135
297,2025-02-18 22:00:00,152.051,152.07299999999998,151.963,152.022,152.076,152.12,152.046,152.098,4006
298,2025-02-18 23:00:00,152.022,152.093,151.909,151.916,152.098,152.108,151.924,151.931,3728
299,2025-02-19 00:00:00,151.916,152.10299999999998,151.825,152.065,151.931,152.11700000000002,151.841,152.083,16353
300,2025-02-19 01:00:00,152.065,152.154,151.739,152.126,152.083,152.171,151.75300000000001,152.141,21672
301,2025-02-19 02:00:00,152.126,152.30499999999998,151.96599999999998,152.02599999999998,152.141,152.322,151.979,152.038,15497
302,2025-02-19 03:00:00,152.02599999999998,152.08499999999998,151.852,151.88899999999998,152.038,152.098,151.865,151.904,14551
303,2025-02-19 04:00:00,151.88899999999998,151.92999999999998,151.73399999999998,151.756,151.904,151.946,151.748,151.772,11820
304,2025-02-19 05:00:00,151.756,151.86599999999999,151.702,151.75199999999998,151.772,151.881,151.716,151.766,11231
305,2025-02-19 06:00:00,151.75199999999998,151.76999999999998,151.58599999999998,151.63,151.766,151.785,151.598,151.645,14432
306,2025-02-19 07:00:00,151.63,151.778,151.581,151.655,151.645,151.791,151.596,151.67000000000002,18461
307,2025-02-19 08:00:00,151.655,151.851,151.605,151.715,151.67000000000002,151.866,151.621,151.73000000000002,19566
308,2025-02-19 09:00:00,151.715,151.748,151.54399999999998,151.649,151.73000000000002,151.761,151.55700000000002,151.66400000000002,20665
309,2025-02-19 10:00:00,151.649,151.827,151.649,151.72899999999998,151.66400000000002,151.842,151.66400000000002,151.74200000000002,13910
310,2025-02-19 11:00:00,151.72899999999998,151.94899999999998,151.727,151.83599999999998,151.74200000000002,151.964,151.741,151.853,16603
311,2025-02-19 12:00:00,151.83599999999998,151.926,151.749,151.904,151.853,151.94,151.763,151.919,14747
312,2025-02-19 13:00:00,151.904,151.90699999999998,151.684,151.68599999999998,151.919,151.922,151.697,151.70000000000002,17639
313,2025-02-19 14:00:00,151.68599999999998,151.71599999999998,151.32399999999998,151.327,151.70000000000002,151.731,151.33700000000002,151.34,21477
314,2025-02-19 15:00:00,151.327,151.498,151.23499999999999,151.41,151.34,151.512,151.248,151.425,26369
315,2025-02-19 16:00:00,151.41,151.689,151.41,151.667,151.425,151.702,151.425,151.68,16470
316,2025-02-19 17:00:00,151.667,151.754,151.62099999999998,151.708,151.68,151.769,151.635,151.72,9367
317,2025-02-19 18:00:00,151.708,151.822,151.613,151.62099999999998,151.72,151.838,151.626,151.655,11963
318,2025-02-19 19:00:00,151.62099999999998,151.655,151.385,151.517,151.655,151.691,151.4,151.53300000000002,14747
319,2025-02-19 20:00:00,151.517,151.564,151.444,151.471,151.53300000000002,151.58100000000002,151.459,151.487,9480
320,2025-02-19 21:00:00,151.471,151.516,151.44799999999998,151.45399999999998,151.487,151.531,151.476,151.479,2985
321,2025-02-19 22:00:00,151.45399999999998,151.462,151.367,151.37,151.479,151.53900000000002,151.407,151.411,640
322,2025-02-19 23:00:00,151.37,151.423,151.11499999999998,151.21599999999998,151.411,151.44,151.13,151.234,7987
323,2025-02-20 00:00:00,151.21599999999998,151.231,150.82899999999998,150.981,151.234,151.245,150.84300000000002,150.994,27396
324,2025-02-20 01:00:00,150.981,150.98999999999998,150.56199999999998,150.631,150.994,151.005,150.578,150.647,31026
325,2025-02-20 02:00:00,150.631,150.754,150.44799999999998,150.701,150.647,150.77,150.46,150.715,22528
326,2025-02-20 03:00:00,150.701,150.742,150.381,150.42399999999998,150.715,150.757,150.393,150.439,17561
327,2025-02-20 04:00:00,150.42399999999998,150.47799999999998,150.237,150.24699999999999,150.439,150.493,150.252,150.263,17875
328,2025-02-20 05:00:00,150.24699999999999,150.404,150.176,150.399,150.263,150.419,150.19,150.411,12307
329,2025-02-20 06:00:00,150.399,150.40699999999998,149.974,150.04299999999998,150.411,150.421,149.989,150.059,17080
330,2025-02-20 07:00:00,150.04299999999998,150.21599999999998,149.941,150.165,150.059,150.23000000000002,149.955,150.18200000000002,20348
331,2025-02-20 08:00:00,150.165,150.385,150.154,150.333,150.18200000000002,150.398,150.169,150.34900000000002,16704
332,2025-02-20 09:00:00,150.333,150.428,150.191,150.301,150.34900000000002,150.445,150.20600000000002,150.315,14739
333,2025-02-20 10:00:00,150.301,150.31,150.05599999999998,150.072,150.315,150.32500000000002,150.06900000000002,150.084,12211
334,2025-02-20 11:00:00,150.072,150.249,149.976,150.215,150.084,150.262,149.989,150.229,11662
335,2025-02-20 12:00:00,150.215,150.226,149.91199999999998,150.087,150.229,150.24,149.92600000000002,150.1,19031
336,2025-02-20 13:00:00,150.087,150.136,149.7,150.078,150.1,150.15,149.71200000000002,150.091,26953
337,2025-02-20 14:00:00,150.078,150.214,149.79,149.808,150.091,150.227,149.803,149.822,29044
338,2025-02-20 15:00:00,149.808,149.851,149.45999999999998,149.503,149.822,149.865,149.475,149.518,31450
339,2025-02-20 16:00:00,149.503,149.73499999999999,149.489,149.626,149.518,149.748,149.505,149.64000000000001,23368
340,2025-02-20 17:00:00,149.626,149.696,149.39,149.464,149.64000000000001,149.711,149.40200000000002,149.479,16653
341,2025-02-20 18:00:00,149.464,149.63199999999998,149.45399999999998,149.62099999999998,149.479,149.645,149.467,149.63400000000001,13498
342,2025-02-20 19:00:00,149.62099999999998,149.808,149.618,149.76999999999998,149.63400000000001,149.822,149.631,149.78300000000002,12628
343,2025-02-20 20:00:00,149.76999999999998,149.82,149.64499999999998,149.648,149.78300000000002,149.834,149.657,149.661,11874
344,2025-02-20 21:00:00,149.648,149.66899999999998,149.595,149.624,149.661,149.722,149.61100000000002,149.707,6153
345,2025-02-20 22:00:00,149.624,149.641,149.515,149.52599999999998,149.707,149.725,149.571,149.579,528
346,2025-02-20 23:00:00,149.52599999999998,149.63,149.26999999999998,149.475,149.579,149.649,149.292,149.493,13199
347,2025-02-21 00:00:00,149.475,149.902,149.465,149.827,149.493,149.919,149.479,149.842,27462
348,2025-02-21 01:00:00,149.827,150.44,149.78199999999998,150.29299999999998,149.842,150.457,149.798,150.309,25580
349,2025-02-21 02:00:00,150.29299999999998,150.73,150.154,150.471,150.309,150.748,150.17000000000002,150.487,18415
350,2025-02-21 03:00:00,150.471,150.52499999999998,150.21699999999998,150.304,150.487,150.54,150.234,150.321,12572
351,2025-02-21 04:00:00,150.304,150.33499999999998,150.112,150.326,150.321,150.347,150.127,150.339,13256
352,2025-02-21 05:00:00,150.326,150.483,150.307,150.35399999999998,150.339,150.499,150.323,150.369,9125
353,2025-02-21 06:00:00,150.35399999999998,150.54,150.28699999999998,150.51,150.369,150.556,150.302,150.525,10291
354,2025-02-21 07:00:00,150.51,150.65099999999998,150.35,150.54,150.525,150.66400000000002,150.365,150.553,21879
355,2025-02-21 08:00:00,150.54,150.60999999999999,150.334,150.422,150.553,150.624,150.346,150.435,32573
356,2025-02-21 09:00:00,150.422,150.492,150.253,150.46599999999998,150.435,150.508,150.268,150.48000000000002,19792
357,2025-02-21 10:00:00,150.46599999999998,150.529,150.34199999999998,150.368,150.48000000000002,150.543,150.35500000000002,150.381,8981
358,2025-02-21 11:00:00,150.368,150.42,150.182,150.268,150.381,150.436,150.196,150.28300000000002,8331
359,2025-02-21 12:00:00,150.268,150.483,150.243,150.47,150.28300000000002,150.498,150.257,150.485,9492
360,2025-02-21 13:00:00,150.47,150.50699999999998,150.32,150.426,150.485,150.522,150.335,150.44,19700
361,2025-02-21 14:00:00,150.426,150.43599999999998,149.739,149.77599999999998,150.44,150.452,149.752,149.805,27526
362,2025-02-21 15:00:00,149.77599999999998,149.833,149.50199999999998,149.54399999999998,149.805,149.847,149.514,149.559,34709
363,2025-02-21 16:00:00,149.54399999999998,149.614,149.385,149.48999999999998,149.559,149.627,149.4,149.50300000000001,20458
364,2025-02-21 17:00:00,149.48999999999998,149.52599999999998,149.19199999999998,149.209,149.50300000000001,149.541,149.205,149.22400000000002,20802
365,2025-02-21 18:00:00,149.209,149.21699999999998,148.95999999999998,149.118,149.22400000000002,149.233,148.973,149.13400000000001,28932
366,2025-02-21 19:00:00,149.118,149.134,148.916,149.065,149.13400000000001,149.148,148.93200000000002,149.08,25970
367,2025-02-21 20:00:00,149.065,149.16,148.992,149.13,149.08,149.177,149.005,149.142,18784
368,2025-02-21 21:00:00,149.13,149.339,149.113,149.22299999999998,149.142,149.364,149.129,149.351,9137
369,2025-02-23 18:00:00,149.22299999999998,149.351,149.22299999999998,149.313,149.351,149.478,149.351,149.356,36
370,2025-02-23 19:00:00,149.313,149.313,149.17999999999998,149.18599999999998,149.356,149.357,149.238,149.238,43
371,2025-02-23 20:00:00,149.18599999999998,149.202,149.18599999999998,149.18699999999998,149.238,149.247,149.23600000000002,149.237,32
372,2025-02-23 21:00:00,149.18699999999998,149.188,149.165,149.166,149.237,149.245,149.22400000000002,149.22400000000002,45
373,2025-02-23 22:00:00,149.166,149.262,149.166,149.189,149.22400000000002,149.31300000000002,149.222,149.257,1016
374,2025-02-23 23:00:00,149.189,149.398,149.082,149.396,149.257,149.415,149.097,149.41,11199
375,2025-02-24 00:00:00,149.396,149.396,148.838,148.91899999999998,149.41,149.411,148.854,148.936,27412
376,2025-02-24 01:00:00,148.91899999999998,149.262,148.909,149.259,148.936,149.278,148.928,149.273,28847
377,2025-02-24 02:00:00,149.259,149.49099999999999,149.22,149.22299999999998,149.273,149.506,149.235,149.235,22439
378,2025-02-24 03:00:00,149.22299999999998,149.343,149.107,149.15599999999998,149.235,149.358,149.122,149.17000000000002,13897
379,2025-02-24 04:00:00,149.15599999999998,149.307,149.123,149.2,149.17000000000002,149.322,149.135,149.216,11145
380,2025-02-24 05:00:00,149.2,149.462,149.17999999999998,149.39499999999998,149.216,149.476,149.19400000000002,149.412,15966
381,2025-02-24 06:00:00,149.39499999999998,149.54,149.337,149.45999999999998,149.412,149.555,149.352,149.476,17786
382,2025-02-24 07:00:00,149.45999999999998,149.53099999999998,149.327,149.44799999999998,149.476,149.54500000000002,149.34,149.463,22850
383,2025-02-24 08:00:00,149.44799999999998,149.566,149.225,149.414,149.463,149.579,149.239,149.43,24295
384,2025-02-24 09:00:00,149.414,149.59199999999998,149.37099999999998,149.55599999999998,149.43,149.606,149.385,149.572,18945
385,2025-02-24 10:00:00,149.55599999999998,149.667,149.546,149.62,149.572,149.679,149.561,149.63400000000001,13561
386,2025-02-24 11:00:00,149.62,149.785,149.595,149.726,149.63400000000001,149.80100000000002,149.609,149.74,12591
387,2025-02-24 12:00:00,149.726,149.82399999999998,149.612,149.75699999999998,149.74,149.838,149.627,149.77100000000002,13937
388,2025-02-24 13:00:00,149.75699999999998,149.867,149.6,149.75799999999998,149.77100000000002,149.881,149.614,149.77,18423
389,2025-02-24 14:00:00,149.75799999999998,149.81799999999998,149.28699999999998,149.314,149.77,149.83,149.30100000000002,149.33,31722
390,2025-02-24 15:00:00,149.314,149.423,149.182,149.292,149.33,149.43800000000002,149.195,149.304,39638
391,2025-02-24 16:00:00,149.292,149.755,149.292,149.565,149.304,149.769,149.304,149.579,27279
392,2025-02-24 17:00:00,149.565,149.706,149.505,149.572,149.579,149.719,149.518,149.586,25434
393,2025-02-24 18:00:00,149.572,149.608,149.38,149.58599999999998,149.586,149.62,149.393,149.598,17725
394,2025-02-24 19:00:00,149.58599999999998,149.795,149.57999999999998,149.67,149.598,149.809,149.594,149.68200000000002,18969
395,2025-02-24 20:00:00,149.67,149.78699999999998,149.607,149.71699999999998,149.68200000000002,149.8,149.623,149.732,17789
396,2025-02-24 21:00:00,149.71699999999998,149.789,149.69,149.69199999999998,149.732,149.803,149.71200000000002,149.74200000000002,6749
397,2025-02-24 22:00:00,149.69199999999998,149.73399999999998,149.643,149.70499999999998,149.74200000000002,149.805,149.701,149.758,1095
398,2025-02-24 23:00:00,149.70499999999998,149.90699999999998,149.68699999999998,149.905,149.758,149.924,149.738,149.921,7611
399,2025-02-25 00:00:00,149.905,150.18099999999998,149.905,150.143,149.921,150.196,149.92000000000002,150.155,22661
400,2025-02-25 01:00:00,150.143,150.298,150.035,150.045,150.155,150.31,150.052,150.05700000000002,22382
401,2025-02-25 02:00:00,150.045,150.08599999999998,149.80499999999998,149.821,150.05700000000002,150.101,149.81900000000002,149.838,18751
402,2025-02-25 03:00:00,149.821,149.898,149.607,149.661,149.838,149.91400000000002,149.619,149.675,14608
403,2025-02-25 04:00:00,149.661,149.707,149.45399999999998,149.557,149.675,149.72,149.467,149.574,16003
404,2025-02-25 05:00:00,149.557,149.766,149.5,149.708,149.574,149.78,149.516,149.721,13919
405,2025-02-25 06:00:00,149.708,149.864,149.614,149.759,149.721,149.88,149.63,149.773,18615
406,2025-02-25 07:00:00,149.759,149.78199999999998,149.189,149.27499999999998,149.773,149.79500000000002,149.202,149.28900000000002,26864
407,2025-02-25 08:00:00,149.27499999999998,149.606,149.213,149.45,149.28900000000002,149.618,149.227,149.464,29899
408,2025-02-25 09:00:00,149.45,149.753,149.434,149.59199999999998,149.464,149.76500000000001,149.447,149.60500000000002,23087
409,2025-02-25 10:00:00,149.59199999999998,149.82399999999998,149.588,149.759,149.60500000000002,149.839,149.602,149.775,18071
410,2025-02-25 11:00:00,149.759,149.94899999999998,149.655,149.801,149.775,149.965,149.67000000000002,149.817,19842
411,2025-02-25 12:00:00,149.801,149.801,149.476,149.68099999999998,149.817,149.817,149.49,149.695,23603
412,2025-02-25 13:00:00,149.68099999999998,149.81199999999998,149.332,149.428,149.695,149.827,149.345,149.441,23529
413,2025-02-25 14:00:00,149.428,149.535,149.105,149.173,149.441,149.552,149.118,149.191,30086
414,2025-02-25 15:00:00,149.173,149.173,148.554,149.06099999999998,149.191,149.192,148.568,149.074,50819
415,2025-02-25 16:00:00,149.06099999999998,149.13,148.771,149.089,149.074,149.145,148.787,149.102,33579
416,2025-02-25 17:00:00,149.089,149.25,149.004,149.06799999999998,149.102,149.264,149.017,149.08,21954
417,2025-02-25 18:00:00,149.06799999999998,149.242,149.045,149.161,149.08,149.255,149.06,149.173,22553
418,2025-02-25 19:00:00,149.161,149.16799999999998,148.994,149.072,149.173,149.18200000000002,149.006,149.085,21568
419,2025-02-25 20:00:00,149.072,149.09,148.899,148.94199999999998,149.085,149.104,148.913,148.958,17726
420,2025-02-25 21:00:00,148.94199999999998,149.034,148.928,149.016,148.958,149.049,148.94400000000002,149.046,11772
421,2025-02-25 22:00:00,149.016,149.11599999999999,148.98399999999998,149.11599999999999,149.046,149.162,149.046,149.156,1854
422,2025-02-25 23:00:00,149.11599999999999,149.17999999999998,148.843,149.045,149.156,149.19400000000002,148.86,149.064,6302
423,2025-02-26 00:00:00,149.045,149.078,148.611,148.897,149.064,149.094,148.63,148.911,21000
424,2025-02-26 01:00:00,148.897,149.231,148.709,149.19799999999998,148.911,149.248,148.723,149.213,25348
425,2025-02-26 02:00:00,149.19799999999998,149.46699999999998,149.165,149.456,149.213,149.483,149.18200000000002,149.471,20927
426,2025-02-26 03:00:00,149.456,149.511,149.30499999999998,149.387,149.471,149.523,149.318,149.4,15043
427,2025-02-26 04:00:00,149.387,149.545,149.27599999999998,149.432,149.4,149.56,149.29,149.449,13371
428,2025-02-26 05:00:00,149.432,149.624,149.40099999999998,149.429,149.449,149.637,149.413,149.442,14787
429,2025-02-26 06:00:00,149.429,149.623,149.42399999999998,149.565,149.442,149.639,149.439,149.579,15855
430,2025-02-26 07:00:00,149.565,149.59799999999998,149.32399999999998,149.524,149.579,149.613,149.33700000000002,149.536,22870
431,2025-02-26 08:00:00,149.524,149.539,149.243,149.283,149.536,149.555,149.257,149.297,27011
432,2025-02-26 09:00:00,149.283,149.43699999999998,149.244,149.355,149.297,149.451,149.258,149.369,17814
433,2025-02-26 10:00:00,149.355,149.522,149.219,149.511,149.369,149.535,149.233,149.526,18746
434,2025-02-26 11:00:00,149.511,149.587,149.468,149.53799999999998,149.526,149.602,149.485,149.556,12442
435,2025-02-26 12:00:00,149.53799999999998,149.64,149.44,149.606,149.556,149.657,149.453,149.621,17646
436,2025-02-26 13:00:00,149.606,149.67999999999998,149.303,149.529,149.621,149.69400000000002,149.316,149.542,23935
437,2025-02-26 14:00:00,149.529,149.727,149.286,149.653,149.542,149.74200000000002,149.30100000000002,149.678,31662
438,2025-02-26 15:00:00,149.653,149.881,149.393,149.47899999999998,149.678,149.895,149.409,149.494,38018
439,2025-02-26 16:00:00,149.47899999999998,149.523,149.11499999999998,149.128,149.494,149.538,149.12800000000001,149.143,28130
440,2025-02-26 17:00:00,149.128,149.244,149.005,149.142,149.143,149.257,149.019,149.156,32490
441,2025-02-26 18:00:00,149.142,149.152,148.82299999999998,148.92,149.156,149.166,148.838,148.937,27625
442,2025-02-26 19:00:00,148.92,148.95999999999998,148.804,148.82999999999998,148.937,148.976,148.816,148.845,26572
443,2025-02-26 20:00:00,148.82999999999998,149.04899999999998,148.822,149.023,148.845,149.064,148.838,149.037,19351
444,2025-02-26 21:00:00,149.023,149.22899999999998,148.98499999999999,149.081,149.037,149.243,148.999,149.115,9856
445,2025-02-26 22:00:00,149.081,149.081,148.922,148.96099999999998,149.115,149.14000000000001,149.004,149.018,682
446,2025-02-26 23:00:00,148.96099999999998,149.00699999999998,148.736,148.87,149.018,149.035,148.75300000000001,148.887,6926
447,2025-02-27 00:00:00,148.87,149.17399999999998,148.777,149.13299999999998,148.887,149.18800000000002,148.791,149.147,25552
448,2025-02-27 01:00:00,149.13299999999998,149.40099999999998,149.065,149.362,149.147,149.416,149.08,149.38,22115
449,2025-02-27 02:00:00,149.362,149.36499999999998,149.16199999999998,149.255,149.38,149.381,149.17600000000002,149.27,16171
450,2025-02-27 03:00:00,149.255,149.35299999999998,149.184,149.214,149.27,149.36700000000002,149.198,149.227,15428
451,2025-02-27 04:00:00,149.214,149.261,149.069,149.093,149.227,149.275,149.084,149.108,13978
452,2025-02-27 05:00:00,149.093,149.364,149.09099999999998,149.33599999999998,149.108,149.381,149.103,149.353,16351
453,2025-02-27 06:00:00,149.33599999999998,149.42,149.196,149.254,149.353,149.434,149.208,149.267,18918
454,2025-02-27 07:00:00,149.254,149.32399999999998,149.17999999999998,149.26,149.267,149.339,149.19400000000002,149.274,17612
455,2025-02-27 08:00:00,149.26,149.724,149.152,149.709,149.274,149.737,149.167,149.725,24503
456,2025-02-27 09:00:00,149.709,149.962,149.62199999999999,149.833,149.725,149.979,149.638,149.85,18613
457,2025-02-27 10:00:00,149.833,149.96599999999998,149.79399999999998,149.846,149.85,149.978,149.80700000000002,149.862,17351
458,2025-02-27 11:00:00,149.846,149.89399999999998,149.673,149.791,149.862,149.90800000000002,149.68800000000002,149.803,14063
459,2025-02-27 12:00:00,149.791,149.792,149.552,149.647,149.803,149.806,149.566,149.663,18370
460,2025-02-27 13:00:00,149.647,149.874,149.34099999999998,149.71699999999998,149.663,149.891,149.366,149.735,45238
461,2025-02-27 14:00:00,149.71699999999998,150.136,149.634,149.726,149.735,150.151,149.65,149.743,46234
462,2025-02-27 15:00:00,149.726,150.094,149.535,149.93699999999998,149.743,150.114,149.549,149.952,56030
463,2025-02-27 16:00:00,149.93699999999998,150.158,149.75699999999998,149.804,149.952,150.171,149.773,149.82,38178
464,2025-02-27 17:00:00,149.804,150.01,149.774,149.959,149.82,150.025,149.787,149.973,25482
465,2025-02-27 18:00:00,149.959,150.148,149.91,150.108,149.973,150.163,149.923,150.121,19245
466,2025-02-27 19:00:00,150.108,150.118,149.779,149.855,150.121,150.132,149.793,149.871,25930
467,2025-02-27 20:00:00,149.855,149.857,149.62099999999998,149.691,149.871,149.871,149.635,149.704,23574
468,2025-02-27 21:00:00,149.691,149.821,149.671,149.79899999999998,149.704,149.83700000000002,149.685,149.828,13895
469,2025-02-27 22:00:00,149.79899999999998,149.804,149.697,149.75,149.828,149.871,149.768,149.80700000000002,969
470,2025-02-27 23:00:00,149.75,150.101,149.53099999999998,150.07899999999998,149.80700000000002,150.119,149.55100000000002,150.09900000000002,11132
471,2025-02-28 00:00:00,150.07899999999998,150.13899999999998,149.34799999999998,149.37,150.09900000000002,150.155,149.363,149.385,27515
472,2025-02-28 01:00:00,149.37,149.52499999999998,149.22199999999998,149.25799999999998,149.385,149.541,149.237,149.276,28417
473,2025-02-28 02:00:00,149.25799999999998,149.559,149.09,149.522,149.276,149.573,149.106,149.537,21014
474,2025-02-28 03:00:00,149.522,149.623,149.451,149.59699999999998,149.537,149.636,149.467,149.612,13870
475,2025-02-28 04:00:00,149.59699999999998,149.69299999999998,149.509,149.6,149.612,149.707,149.524,149.616,12613
476,2025-02-28 05:00:00,149.6,149.87699999999998,149.572,149.826,149.616,149.889,149.588,149.839,14389
477,2025-02-28 06:00:00,149.826,150.112,149.779,150.036,149.839,150.125,149.79500000000002,150.054,17380
478,2025-02-28 07:00:00,150.036,150.564,149.928,150.426,150.054,150.579,149.943,150.443,27507
479,2025-02-28 08:00:00,150.426,150.67999999999998,150.30599999999998,150.558,150.443,150.69400000000002,150.318,150.571,24665
480,2025-02-28 09:00:00,150.558,150.629,150.179,150.244,150.571,150.643,150.19400000000002,150.258,23689
481,2025-02-28 10:00:00,150.244,150.38899999999998,150.23399999999998,150.369,150.258,150.405,150.251,150.383,12682
482,2025-02-28 11:00:00,150.369,150.48,150.28199999999998,150.38299999999998,150.383,150.495,150.298,150.397,11666
483,2025-02-28 12:00:00,150.38299999999998,150.709,150.375,150.655,150.397,150.726,150.389,150.67000000000002,14682
484,2025-02-28 13:00:00,150.655,150.982,150.587,150.64399999999998,150.67000000000002,150.997,150.602,150.65800000000002,34036
485,2025-02-28 14:00:00,150.64399999999998,150.807,150.274,150.679,150.65800000000002,150.821,150.288,150.693,46297
486,2025-02-28 15:00:00,150.679,150.858,150.498,150.67499999999998,150.693,150.873,150.514,150.69,50150
487,2025-02-28 16:00:00,150.67499999999998,150.785,150.22799999999998,150.634,150.69,150.8,150.24,150.65,43759
488,2025-02-28 17:00:00,150.634,150.676,150.328,150.357,150.65,150.68800000000002,150.342,150.372,33321
489,2025-02-28 18:00:00,150.357,150.54,150.23499999999999,150.321,150.372,150.553,150.248,150.335,39554
490,2025-02-28 19:00:00,150.321,150.595,150.298,150.53699999999998,150.335,150.61,150.31,150.55,29497
491,2025-02-28 20:00:00,150.53699999999998,150.618,150.434,150.50199999999998,150.55,150.632,150.449,150.516,23025
492,2025-02-28 21:00:00,150.50199999999998,150.613,150.475,150.606,150.516,150.655,150.495,150.65200000000002,6594
493,2025-03-02 18:00:00,150.606,150.618,150.57999999999998,150.607,150.65200000000002,150.71,150.65200000000002,150.692,16
494,2025-03-02 19:00:00,150.607,150.607,150.475,150.52499999999998,150.692,150.692,150.59300000000002,150.644,15
495,2025-03-02 20:00:00,150.52499999999998,150.946,150.523,150.945,150.644,151.0,150.644,151.0,166
496,2025-03-02 21:00:00,150.945,150.945,150.659,150.72199999999998,151.0,151.0,150.776,150.782,94
497,2025-03-02 22:00:00,150.72199999999998,150.72199999999998,150.637,150.694,150.782,150.785,150.698,150.73000000000002,857
498,2025-03-02 23:00:00,150.694,151.017,150.694,150.803,150.73000000000002,151.034,150.72400000000002,150.82,12622
499,2025-03-03 00:00:00,150.803,150.941,150.48499999999999,150.536,150.82,150.958,150.501,150.548,29461
500,2025-03-03 01:00:00,150.536,150.713,150.307,150.387,150.548,150.73000000000002,150.32,150.403,24221
501,2025-03-03 02:00:00,150.387,150.471,150.261,150.397,150.403,150.484,150.274,150.413,18686
502,2025-03-03 03:00:00,150.397,150.483,150.238,150.444,150.413,150.497,150.25300000000001,150.459,19771
503,2025-03-03 04:00:00,150.444,150.51,150.315,150.328,150.459,150.526,150.33100000000002,150.34300000000002,14216
504,2025-03-03 05:00:00,150.328,150.529,150.326,150.405,150.34300000000002,150.543,150.339,150.417,14414
505,2025-03-03 06:00:00,150.405,150.521,150.261,150.457,150.417,150.535,150.274,150.47,20149
506,2025-03-03 07:00:00,150.457,150.51899999999998,150.14499999999998,150.164,150.47,150.532,150.159,150.181,22526
507,2025-03-03 08:00:00,150.164,150.236,150.022,150.10999999999999,150.181,150.252,150.034,150.122,26508
508,2025-03-03 09:00:00,150.10999999999999,150.367,149.938,150.338,150.122,150.38400000000001,149.952,150.356,20099
509,2025-03-03 10:00:00,150.338,150.891,150.33499999999998,150.832,150.356,150.904,150.354,150.844,23744
510,2025-03-03 11:00:00,150.832,151.23,150.78099999999998,151.201,150.844,151.245,150.797,151.214,21864
511,2025-03-03 12:00:00,151.201,151.298,151.108,151.23,151.214,151.311,151.121,151.245,24704
512,2025-03-03 13:00:00,151.23,151.297,150.933,150.96099999999998,151.245,151.31,150.948,150.97400000000002,25990
513,2025-03-03 14:00:00,150.96099999999998,150.969,150.57999999999998,150.60899999999998,150.97400000000002,150.982,150.59300000000002,150.627,31551
514,2025-03-03 15:00:00,150.60899999999998,150.688,150.076,150.22799999999998,150.627,150.735,150.089,150.24200000000002,54771
515,2025-03-03 16:00:00,150.22799999999998,150.368,150.04399999999998,150.165,150.24200000000002,150.382,150.05700000000002,150.18,36926
516,2025-03-03 17:00:00,150.165,150.334,150.12,150.17399999999998,150.18,150.34900000000002,150.13400000000001,150.189,28030
517,2025-03-03 18:00:00,150.17399999999998,150.24699999999999,150.054,150.171,150.189,150.264,150.06900000000002,150.185,34771
518,2025-03-03 19:00:00,150.171,150.301,150.131,150.24699999999999,150.185,150.31300000000002,150.14600000000002,150.262,26848
519,2025-03-03 20:00:00,150.24699999999999,150.254,149.09099999999998,149.416,150.262,150.268,149.10500000000002,149.431,61005
520,2025-03-03 21:00:00,149.416,149.62,149.41299999999998,149.486,149.431,149.635,149.425,149.528,10602
521,2025-03-03 22:00:00,149.486,149.606,149.463,149.56,149.528,149.678,149.519,149.62800000000001,1809
522,2025-03-03 23:00:00,149.56,149.619,149.137,149.301,149.62800000000001,149.642,149.15200000000002,149.314,12727
523,2025-03-04 00:00:00,149.301,149.52599999999998,148.97299999999998,149.148,149.314,149.54500000000002,148.988,149.16400000000002,32253
524,2025-03-04 01:00:00,149.148,149.253,148.59,148.941,149.16400000000002,149.27,148.606,148.95600000000002,38807
525,2025-03-04 02:00:00,148.941,149.416,148.82899999999998,149.286,148.95600000000002,149.433,148.846,149.302,23260
526,2025-03-04 03:00:00,149.286,149.33599999999998,149.024,149.159,149.302,149.354,149.038,149.175,22766
527,2025-03-04 04:00:00,149.159,149.171,148.917,149.137,149.175,149.186,148.933,149.153,17881
528,2025-03-04 05:00:00,149.137,149.456,149.083,149.378,149.153,149.472,149.101,149.391,24758
529,2025-03-04 06:00:00,149.378,149.55499999999998,149.267,149.524,149.391,149.571,149.282,149.541,21258
530,2025-03-04 07:00:00,149.524,149.571,149.054,149.344,149.541,149.58700000000002,149.071,149.36,36897
531,2025-03-04 08:00:00,149.344,149.44899999999998,148.995,149.083,149.36,149.463,149.007,149.095,49346
532,2025-03-04 09:00:00,149.083,149.14399999999998,148.78799999999998,149.04399999999998,149.095,149.157,148.80100000000002,149.058,33739
533,2025-03-04 10:00:00,149.04399999999998,149.04399999999998,148.755,148.79299999999998,149.058,149.058,148.768,148.80700000000002,27018
534,2025-03-04 11:00:00,148.79299999999998,148.828,148.28099999999998,148.358,148.80700000000002,148.84300000000002,148.297,148.375,26365
535,2025-03-04 12:00:00,148.358,148.358,148.08599999999998,148.224,148.375,148.375,148.101,148.237,36572
536,2025-03-04 13:00:00,148.224,148.554,148.177,148.202,148.237,148.56900000000002,148.193,148.217,38836
537,2025-03-04 14:00:00,148.202,148.702,148.19299999999998,148.42499999999998,148.217,148.716,148.205,148.44,69107
538,2025-03-04 15:00:00,148.42499999999998,148.608,148.18599999999998,148.34699999999998,148.44,148.62,148.20000000000002,148.36,75067
539,2025-03-04 16:00:00,148.34699999999998,148.855,148.295,148.80499999999998,148.36,148.869,148.311,148.81900000000002,54476
540,2025-03-04 17:00:00,148.80499999999998,148.911,148.683,148.738,148.81900000000002,148.924,148.695,148.751,41238
541,2025-03-04 18:00:00,148.738,149.12699999999998,148.697,149.087,148.751,149.142,148.711,149.104,47946
542,2025-03-04 19:00:00,149.087,149.36499999999998,149.042,149.31199999999998,149.104,149.379,149.056,149.327,38248
543,2025-03-04 20:00:00,149.31199999999998,149.51,149.001,149.09199999999998,149.327,149.523,149.014,149.106,37713
544,2025-03-04 21:00:00,149.09199999999998,149.87,149.03799999999998,149.78799999999998,149.106,149.893,149.053,149.832,31007
545,2025-03-04 22:00:00,149.78799999999998,149.78799999999998,149.649,149.72799999999998,149.832,149.842,149.703,149.792,2804
546,2025-03-04 23:00:00,149.72799999999998,149.96699999999998,149.634,149.825,149.792,149.983,149.651,149.83700000000002,8832
547,2025-03-05 00:00:00,149.825,149.91799999999998,149.57,149.911,149.83700000000002,149.93,149.586,149.928,28135
548,2025-03-05 01:00:00,149.911,150.176,149.77599999999998,149.975,149.928,150.195,149.794,149.993,39943
549,2025-03-05 02:00:00,149.975,149.976,149.73999999999998,149.821,149.993,149.993,149.757,149.839,22591
550,2025-03-05 03:00:00,149.821,150.09,149.70499999999998,149.964,149.839,150.106,149.719,149.982,23336
551,2025-03-05 04:00:00,149.964,149.965,149.702,149.822,149.982,149.982,149.716,149.838,14164
552,2025-03-05 05:00:00,149.822,149.88899999999998,149.68699999999998,149.708,149.838,149.901,149.704,149.721,15012
553,2025-03-05 06:00:00,149.708,149.744,149.56099999999998,149.68099999999998,149.721,149.76,149.576,149.696,17955
554,2025-03-05 07:00:00,149.68099999999998,149.809,149.408,149.44199999999998,149.696,149.824,149.424,149.45600000000002,34221
555,2025-03-05 08:00:00,149.44199999999998,149.635,149.195,149.21699999999998,149.45600000000002,149.65,149.208,149.233,36870
556,2025-03-05 09:00:00,149.21699999999998,149.444,149.088,149.368,149.233,149.457,149.102,149.382,25961
557,2025-03-05 10:00:00,149.368,149.56,149.308,149.338,149.382,149.57500000000002,149.323,149.352,22632
558,2025-03-05 11:00:00,149.338,149.54,149.283,149.39,149.352,149.553,149.29500000000002,149.405,23853
559,2025-03-05 12:00:00,149.39,149.50799999999998,149.149,149.50699999999998,149.405,149.52100000000002,149.16400000000002,149.52100000000002,31738
560,2025-03-05 13:00:00,149.50699999999998,149.732,148.928,149.01299999999998,149.52100000000002,149.748,148.942,149.028,56415
561,2025-03-05 14:00:00,149.01299999999998,149.022,148.378,148.378,149.028,149.038,148.404,148.40800000000002,54486
562,2025-03-05 15:00:00,148.378,149.1,148.378,148.90699999999998,148.40800000000002,149.118,148.40800000000002,148.923,83002
563,2025-03-05 16:00:00,148.90699999999998,148.974,148.468,148.82,148.923,148.995,148.483,148.838,60783
564,2025-03-05 17:00:00,148.82,148.91899999999998,148.628,148.857,148.838,148.935,148.643,148.873,44097
565,2025-03-05 18:00:00,148.857,149.01399999999998,148.759,148.94899999999998,148.873,149.028,148.77700000000002,148.96200000000002,38615
566,2025-03-05 19:00:00,148.94899999999998,149.137,148.77499999999998,148.783,148.96200000000002,149.149,148.788,148.796,26802
567,2025-03-05 20:00:00,148.783,148.893,148.731,148.876,148.796,148.905,148.748,148.892,24234
568,2025-03-05 21:00:00,148.876,148.995,148.816,148.87,148.892,149.00900000000001,148.838,148.891,17317
569,2025-03-05 22:00:00,148.87,148.884,148.744,148.80599999999998,148.891,148.973,148.81300000000002,148.853,2218
570,2025-03-05 23:00:00,148.80599999999998,148.93599999999998,148.715,148.876,148.853,148.957,148.732,148.893,5545
571,2025-03-06 00:00:00,148.876,149.307,148.851,149.146,148.893,149.321,148.868,149.16,21066
572,2025-03-06 01:00:00,149.146,149.32899999999998,148.959,148.989,149.16,149.34300000000002,148.971,149.00300000000001,19631
573,2025-03-06 02:00:00,148.989,149.214,148.94,149.191,149.00300000000001,149.229,148.953,149.207,18581
574,2025-03-06 03:00:00,149.191,149.278,149.107,149.22799999999998,149.207,149.293,149.121,149.244,15545
575,2025-03-06 04:00:00,149.22799999999998,149.303,149.15099999999998,149.184,149.244,149.317,149.168,149.199,13119
576,2025-03-06 05:00:00,149.184,149.21599999999998,148.92399999999998,148.927,149.199,149.231,148.937,148.942,17550
577,2025-03-06 06:00:00,148.927,148.958,148.74099999999999,148.77599999999998,148.942,148.972,148.756,148.791,20512
578,2025-03-06 07:00:00,148.77599999999998,148.778,148.259,148.364,148.791,148.794,148.274,148.376,42120
579,2025-03-06 08:00:00,148.364,148.40699999999998,148.059,148.14999999999998,148.376,148.424,148.07500000000002,148.166,42793
580,2025-03-06 09:00:00,148.14999999999998,148.15099999999998,147.77599999999998,147.878,148.166,148.166,147.791,147.895,41178
581,2025-03-06 10:00:00,147.878,148.069,147.69299999999998,147.857,147.895,148.082,147.709,147.875,28018
582,2025-03-06 11:00:00,147.857,147.98,147.755,147.82299999999998,147.875,147.996,147.768,147.838,25414
583,2025-03-06 12:00:00,147.82299999999998,147.87199999999999,147.557,147.60299999999998,147.838,147.886,147.572,147.619,27893
584,2025-03-06 13:00:00,147.60299999999998,147.677,147.344,147.414,147.619,147.692,147.358,147.43,49805
585,2025-03-06 14:00:00,147.414,147.843,147.304,147.56,147.43,147.858,147.317,147.57500000000002,66586
586,2025-03-06 15:00:00,147.56,148.31,147.48499999999999,148.232,147.57500000000002,148.326,147.501,148.247,73848
587,2025-03-06 16:00:00,148.232,148.386,147.896,147.90599999999998,148.247,148.401,147.91,147.92000000000002,65008
588,2025-03-06 17:00:00,147.90599999999998,148.01999999999998,147.642,147.909,147.92000000000002,148.036,147.656,147.924,48632
589,2025-03-06 18:00:00,147.909,147.956,147.73499999999999,147.79399999999998,147.924,147.97,147.752,147.81,36822
590,2025-03-06 19:00:00,147.79399999999998,147.85,147.563,147.684,147.81,147.865,147.579,147.698,35455
591,2025-03-06 20:00:00,147.684,147.869,147.65699999999998,147.79899999999998,147.698,147.886,147.67000000000002,147.816,33007
592,2025-03-06 21:00:00,147.79899999999998,148.05499999999998,147.798,147.976,147.816,148.068,147.815,148.001,9051
593,2025-03-06 22:00:00,147.976,147.998,147.70499999999998,147.939,148.001,148.08100000000002,147.773,147.984,903
594,2025-03-06 23:00:00,147.939,148.14399999999998,147.875,148.143,147.984,148.162,147.891,148.159,7668
595,2025-03-07 00:00:00,148.143,148.158,147.648,147.953,148.159,148.177,147.665,147.96800000000002,22465
596,2025-03-07 01:00:00,147.953,148.114,147.807,147.845,147.96800000000002,148.132,147.824,147.86,24911
597,2025-03-07 02:00:00,147.845,148.03,147.547,147.588,147.86,148.044,147.561,147.606,17502
598,2025-03-07 03:00:00,147.588,147.653,147.43699999999998,147.6,147.606,147.668,147.452,147.61700000000002,18879
599,2025-03-07 04:00:00,147.6,147.701,147.46599999999998,147.66899999999998,147.61700000000002,147.716,147.48000000000002,147.683,15412
600,2025-03-07 05:00:00,147.66899999999998,147.749,147.445,147.44799999999998,147.683,147.763,147.458,147.463,15437
601,2025-03-07 06:00:00,147.44799999999998,147.64,147.38299999999998,147.488,147.463,147.657,147.397,147.50300000000001,18249
602,2025-03-07 07:00:00,147.488,147.745,147.481,147.646,147.50300000000001,147.758,147.496,147.663,29689
603,2025-03-07 08:00:00,147.646,147.749,147.19299999999998,147.32999999999998,147.663,147.764,147.209,147.342,38947
604,2025-03-07 09:00:00,147.32999999999998,147.57999999999998,147.283,147.438,147.342,147.595,147.297,147.451,26840
605,2025-03-07 10:00:00,147.438,147.554,147.373,147.54899999999998,147.451,147.571,147.389,147.565,19513
606,2025-03-07 11:00:00,147.54899999999998,147.738,147.49099999999999,147.688,147.565,147.75300000000001,147.504,147.704,17993
607,2025-03-07 12:00:00,147.688,147.84699999999998,147.624,147.73999999999998,147.704,147.86100000000002,147.638,147.755,26480
608,2025-03-07 13:00:00,147.73999999999998,147.964,147.10999999999999,147.22199999999998,147.755,147.979,147.125,147.238,68934
609,2025-03-07 14:00:00,147.22199999999998,147.67,146.932,147.511,147.238,147.686,146.948,147.526,68892
610,2025-03-07 15:00:00,147.511,147.724,147.185,147.51399999999998,147.526,147.74200000000002,147.201,147.529,79370
611,2025-03-07 16:00:00,147.51399999999998,147.59199999999998,147.018,147.13,147.529,147.609,147.03300000000002,147.144,55236
612,2025-03-07 17:00:00,147.13,147.703,146.951,147.48,147.144,147.71800000000002,146.967,147.498,42548
613,2025-03-07 18:00:00,147.48,148.024,147.474,147.97,147.498,148.04,147.49200000000002,147.98600000000002,41978
614,2025-03-07 19:00:00,147.97,148.196,147.855,148.027,147.98600000000002,148.21200000000002,147.869,148.04,31754
615,2025-03-07 20:00:00,148.027,148.113,147.88199999999998,147.95,148.04,148.127,147.897,147.965,25518
616,2025-03-07 21:00:00,147.95,148.03,147.834,148.03,147.965,148.095,147.851,148.06900000000002,6442
617,2025-03-09 18:00:00,148.03,148.03,147.828,147.838,148.06900000000002,148.06900000000002,147.941,147.941,11
618,2025-03-09 19:00:00,147.838,147.898,147.838,147.87099999999998,147.941,147.981,147.92000000000002,147.978,40
619,2025-03-09 20:00:00,147.87099999999998,147.93699999999998,147.86599999999999,147.93699999999998,147.978,148.022,147.978,148.022,15
620,2025-03-09 21:00:00,147.93699999999998,147.938,147.577,147.577,148.022,148.022,147.678,147.678,263
621,2025-03-09 22:00:00,147.577,147.845,147.475,147.47799999999998,147.678,147.86700000000002,147.488,147.491,12153
622,2025-03-09 23:00:00,147.47799999999998,147.641,147.38199999999998,147.583,147.491,147.655,147.395,147.59900000000002,13964
623,2025-03-10 00:00:00,147.583,147.641,147.22299999999998,147.29,147.59900000000002,147.654,147.23600000000002,147.303,27189
624,2025-03-10 01:00:00,147.29,147.439,147.083,147.39399999999998,147.303,147.454,147.09900000000002,147.41,25785
625,2025-03-10 02:00:00,147.39399999999998,147.626,147.32399999999998,147.596,147.41,147.64000000000001,147.34,147.612,16596
626,2025-03-10 03:00:00,147.596,147.75,147.542,147.634,147.612,147.764,147.556,147.648,13721
627,2025-03-10 04:00:00,147.634,147.665,147.529,147.63,147.648,147.68,147.546,147.644,10510
628,2025-03-10 05:00:00,147.63,147.786,147.51399999999998,147.516,147.644,147.8,147.52700000000002,147.53,13036
629,2025-03-10 06:00:00,147.516,147.75,147.49599999999998,147.69299999999998,147.53,147.766,147.51,147.709,16903
630,2025-03-10 07:00:00,147.69299999999998,147.783,147.493,147.565,147.709,147.8,147.506,147.578,23687
631,2025-03-10 08:00:00,147.565,147.63299999999998,147.131,147.17999999999998,147.578,147.649,147.148,147.19400000000002,32421
632,2025-03-10 09:00:00,147.17999999999998,147.35399999999998,147.142,147.226,147.19400000000002,147.369,147.157,147.239,27586
633,2025-03-10 10:00:00,147.226,147.27599999999998,146.908,146.91199999999998,147.239,147.291,146.921,146.927,24832
634,2025-03-10 11:00:00,146.91199999999998,147.13299999999998,146.85399999999998,147.119,146.927,147.147,146.868,147.135,33256
635,2025-03-10 12:00:00,147.119,147.14499999999998,146.71599999999998,147.011,147.135,147.159,146.731,147.026,28707
636,2025-03-10 13:00:00,147.011,147.172,146.762,147.06199999999998,147.026,147.187,146.778,147.078,51935
637,2025-03-10 14:00:00,147.06199999999998,147.063,146.623,146.762,147.078,147.079,146.638,146.775,58378
638,2025-03-10 15:00:00,146.762,147.29999999999998,146.745,147.146,146.775,147.315,146.76,147.15800000000002,39306
639,2025-03-10 16:00:00,147.146,147.301,147.042,147.254,147.15800000000002,147.315,147.055,147.267,31473
640,2025-03-10 17:00:00,147.254,147.31199999999998,147.029,147.17999999999998,147.267,147.326,147.044,147.196,29657
641,2025-03-10 18:00:00,147.17999999999998,147.384,147.16799999999998,147.232,147.196,147.397,147.181,147.247,30280
642,2025-03-10 19:00:00,147.232,147.45999999999998,147.07899999999998,147.29,147.247,147.47400000000002,147.092,147.303,33291
643,2025-03-10 20:00:00,147.29,147.35899999999998,147.22299999999998,147.259,147.303,147.373,147.237,147.284,8958
644,2025-03-10 21:00:00,147.259,147.265,147.108,147.13799999999998,147.284,147.326,147.174,147.187,538
645,2025-03-10 22:00:00,147.13799999999998,147.171,146.951,146.983,147.187,147.196,146.963,147.0,6857
646,2025-03-10 23:00:00,146.983,147.088,146.772,147.075,147.0,147.103,146.787,147.09,18292
647,2025-03-11 00:00:00,147.075,147.09699999999998,146.534,146.74099999999999,147.09,147.112,146.549,146.75900000000001,34703
648,2025-03-11 01:00:00,146.74099999999999,146.921,146.587,146.778,146.75900000000001,146.934,146.603,146.792,30832
649,2025-03-11 02:00:00,146.778,147.18699999999998,146.762,146.911,146.792,147.201,146.77700000000002,146.927,27902
650,2025-03-11 03:00:00,146.911,147.147,146.909,147.107,146.927,147.161,146.921,147.124,21314
651,2025-03-11 04:00:00,147.107,147.21699999999998,146.915,146.96599999999998,147.124,147.232,146.928,146.98000000000002,15865
652,2025-03-11 05:00:00,146.96599999999998,147.285,146.91199999999998,147.218,146.98000000000002,147.298,146.927,147.232,14966
653,2025-03-11 06:00:00,147.218,147.39499999999998,147.182,147.22899999999998,147.232,147.411,147.201,147.24200000000002,24408
654,2025-03-11 07:00:00,147.22899999999998,147.28199999999998,146.753,146.92999999999998,147.24200000000002,147.299,146.766,146.943,30015
655,2025-03-11 08:00:00,146.92999999999998,147.296,146.869,147.283,146.943,147.31,146.88400000000001,147.298,34699
656,2025-03-11 09:00:00,147.283,147.50799999999998,147.20999999999998,147.36499999999998,147.298,147.523,147.227,147.381,26124
657,2025-03-11 10:00:00,147.36499999999998,147.63799999999998,147.36499999999998,147.553,147.381,147.65200000000002,147.379,147.565,22473
658,2025-03-11 11:00:00,147.553,147.719,147.469,147.599,147.565,147.733,147.484,147.613,20726
659,2025-03-11 12:00:00,147.599,147.934,147.326,147.762,147.613,147.947,147.34,147.78,29086
660,2025-03-11 13:00:00,147.762,148.107,147.623,147.75799999999998,147.78,148.122,147.636,147.80100000000002,54913
661,2025-03-11 14:00:00,147.75799999999998,148.117,147.26,147.352,147.80100000000002,148.13,147.275,147.365,93797
662,2025-03-11 15:00:00,147.352,147.736,147.284,147.49099999999999,147.365,147.751,147.298,147.50300000000001,63201
663,2025-03-11 16:00:00,147.49099999999999,147.515,147.24099999999999,147.286,147.50300000000001,147.528,147.255,147.302,41636
664,2025-03-11 17:00:00,147.286,147.286,147.01299999999998,147.182,147.302,147.302,147.028,147.197,36542
665,2025-03-11 18:00:00,147.182,147.909,147.147,147.822,147.197,147.92600000000002,147.162,147.83700000000002,47072
666,2025-03-11 19:00:00,147.822,147.85299999999998,147.607,147.75,147.83700000000002,147.869,147.619,147.766,38674
667,2025-03-11 20:00:00,147.75,147.858,147.73499999999999,147.766,147.766,147.876,147.749,147.793,8131
668,2025-03-11 21:00:00,147.766,147.772,147.646,147.708,147.793,147.881,147.756,147.756,245
669,2025-03-11 22:00:00,147.708,147.92999999999998,147.708,147.88799999999998,147.756,147.948,147.755,147.90800000000002,4067
670,2025-03-11 23:00:00,147.88799999999998,148.064,147.804,148.041,147.90800000000002,148.078,147.817,148.06,10222
671,2025-03-12 00:00:00,148.041,148.14999999999998,147.93599999999998,148.126,148.06,148.162,147.954,148.142,22766
672,2025-03-12 01:00:00,148.126,148.149,147.839,148.016,148.142,148.166,147.853,148.03,17283
673,2025-03-12 02:00:00,148.016,148.063,147.85999999999999,148.03199999999998,148.03,148.076,147.873,148.049,13081
674,2025-03-12 03:00:00,148.03199999999998,148.09799999999998,147.917,148.07,148.049,148.113,147.934,148.085,13105
675,2025-03-12 04:00:00,148.07,148.26399999999998,148.05599999999998,148.143,148.085,148.278,148.072,148.15800000000002,13024
676,2025-03-12 05:00:00,148.143,148.283,148.024,148.046,148.15800000000002,148.298,148.037,148.06,15295
677,2025-03-12 06:00:00,148.046,148.404,147.953,148.355,148.06,148.421,147.966,148.373,16691
678,2025-03-12 07:00:00,148.355,148.59699999999998,148.26999999999998,148.58499999999998,148.373,148.61100000000002,148.284,148.598,22579
679,2025-03-12 08:00:00,148.58499999999998,148.646,148.253,148.337,148.598,148.66,148.268,148.34900000000002,28891
680,2025-03-12 09:00:00,148.337,148.671,148.29999999999998,148.59699999999998,148.34900000000002,148.684,148.316,148.612,17092
681,2025-03-12 10:00:00,148.59699999999998,148.765,148.518,148.67399999999998,148.612,148.779,148.534,148.689,15801
682,2025-03-12 11:00:00,148.67399999999998,148.745,148.59099999999998,148.732,148.689,148.758,148.604,148.745,14446
683,2025-03-12 12:00:00,148.732,149.19,148.084,149.12199999999999,148.745,149.204,148.157,149.138,55846
684,2025-03-12 13:00:00,149.12199999999999,149.146,148.612,148.697,149.138,149.15800000000002,148.627,148.71200000000002,47595
685,2025-03-12 14:00:00,148.697,148.70399999999998,148.285,148.313,148.71200000000002,148.71800000000002,148.3,148.326,46681
686,2025-03-12 15:00:00,148.313,148.43699999999998,148.2,148.31199999999998,148.326,148.453,148.214,148.327,36962
687,2025-03-12 16:00:00,148.31199999999998,148.426,148.188,148.277,148.327,148.442,148.203,148.291,28762
688,2025-03-12 17:00:00,148.277,148.356,148.11499999999998,148.12099999999998,148.291,148.369,148.12800000000001,148.136,24924
689,2025-03-12 18:00:00,148.12099999999998,148.41,148.101,148.339,148.136,148.423,148.115,148.351,22027
690,2025-03-12 19:00:00,148.339,148.374,148.259,148.343,148.351,148.391,148.27100000000002,148.356,20117
691,2025-03-12 20:00:00,148.343,148.364,148.23,148.23,148.356,148.379,148.256,148.281,5332
692,2025-03-12 21:00:00,148.23,148.232,148.173,148.183,148.281,148.293,148.228,148.244,330
693,2025-03-12 22:00:00,148.183,148.286,148.09199999999998,148.22,148.244,148.304,148.108,148.23600000000002,3199
694,2025-03-12 23:00:00,148.22,148.29899999999998,148.082,148.286,148.23600000000002,148.314,148.09900000000002,148.302,6953
695,2025-03-13 00:00:00,148.286,148.367,148.099,148.10299999999998,148.302,148.382,148.112,148.116,14972
696,2025-03-13 01:00:00,148.10299999999998,148.321,148.064,148.131,148.116,148.336,148.079,148.149,15969
697,2025-03-13 02:00:00,148.131,148.23,148.09,148.167,148.149,148.245,148.104,148.184,11951
698,2025-03-13 03:00:00,148.167,148.243,148.011,148.034,148.184,148.258,148.024,148.05100000000002,10980
699,2025-03-13 04:00:00,148.034,148.112,147.816,147.839,148.05100000000002,148.126,147.829,147.854,12262
700,2025-03-13 05:00:00,147.839,147.92499999999998,147.688,147.71599999999998,147.854,147.941,147.703,147.73000000000002,17009
701,2025-03-13 06:00:00,147.71599999999998,147.801,147.571,147.784,147.73000000000002,147.817,147.584,147.799,19309
702,2025-03-13 07:00:00,147.784,147.935,147.69799999999998,147.78,147.799,147.951,147.714,147.796,23224
703,2025-03-13 08:00:00,147.78,147.915,147.67499999999998,147.915,147.796,147.93,147.69,147.93,33492
704,2025-03-13 09:00:00,147.915,148.194,147.813,148.149,147.93,148.20600000000002,147.828,148.161,18346
705,2025-03-13 10:00:00,148.149,148.22899999999998,148.07399999999998,148.147,148.161,148.244,148.088,148.162,16426
706,2025-03-13 11:00:00,148.147,148.17999999999998,147.897,147.987,148.162,148.195,147.91,148.00300000000001,21077
707,2025-03-13 12:00:00,147.987,148.251,147.682,148.202,148.00300000000001,148.266,147.794,148.217,36206
708,2025-03-13 13:00:00,148.202,148.34799999999998,148.024,148.09799999999998,148.217,148.363,148.038,148.114,37178
709,2025-03-13 14:00:00,148.09799999999998,148.17,147.834,147.87199999999999,148.114,148.185,147.848,147.887,37248
710,2025-03-13 15:00:00,147.87199999999999,147.977,147.636,147.7,147.887,147.99,147.651,147.713,38807
711,2025-03-13 16:00:00,147.7,147.827,147.524,147.57999999999998,147.713,147.841,147.538,147.596,32355
712,2025-03-13 17:00:00,147.57999999999998,147.69899999999998,147.404,147.623,147.596,147.714,147.42000000000002,147.636,27179
713,2025-03-13 18:00:00,147.623,147.78199999999998,147.56199999999998,147.739,147.636,147.79500000000002,147.58,147.751,24791
714,2025-03-13 19:00:00,147.739,147.772,147.62699999999998,147.695,147.751,147.788,147.641,147.71,19406
715,2025-03-13 20:00:00,147.695,147.826,147.69,147.801,147.71,147.839,147.704,147.827,4559
716,2025-03-13 21:00:00,147.801,147.807,147.689,147.689,147.827,147.847,147.786,147.797,324
717,2025-03-13 22:00:00,147.689,147.97899999999998,147.68599999999998,147.929,147.797,147.995,147.79,147.947,4033
718,2025-03-13 23:00:00,147.929,147.964,147.856,147.92999999999998,147.947,147.981,147.871,147.948,6287
719,2025-03-14 00:00:00,147.92999999999998,148.32299999999998,147.843,148.291,147.948,148.339,147.858,148.306,20268
720,2025-03-14 01:00:00,148.291,148.427,148.14499999999998,148.161,148.306,148.442,148.161,148.179,16908
721,2025-03-14 02:00:00,148.161,148.30599999999998,148.161,148.23999999999998,148.179,148.322,148.178,148.255,9006
722,2025-03-14 03:00:00,148.23999999999998,148.38199999999998,148.23999999999998,148.327,148.255,148.399,148.255,148.342,10931
723,2025-03-14 04:00:00,148.327,148.54999999999998,148.31699999999998,148.49099999999999,148.342,148.565,148.332,148.505,9906
724,2025-03-14 05:00:00,148.49099999999999,148.646,148.433,148.462,148.505,148.66,148.447,148.475,12085
725,2025-03-14 06:00:00,148.462,148.748,148.42,148.697,148.475,148.764,148.436,148.716,13982
726,2025-03-14 07:00:00,148.697,149.016,148.548,148.743,148.716,149.031,148.565,148.76,28639
727,2025-03-14 08:00:00,148.743,148.909,148.64399999999998,148.874,148.76,148.922,148.657,148.887,23538
728,2025-03-14 09:00:00,148.874,148.995,148.839,148.96599999999998,148.887,149.008,148.854,148.982,15797
729,2025-03-14 10:00:00,148.96599999999998,148.977,148.59799999999998,148.79399999999998,148.982,148.991,148.61100000000002,148.80700000000002,21121
730,2025-03-14 11:00:00,148.79399999999998,148.814,148.634,148.72,148.80700000000002,148.83,148.647,148.737,21791
731,2025-03-14 12:00:00,148.72,148.79899999999998,148.57999999999998,148.649,148.737,148.812,148.59300000000002,148.665,18141
732,2025-03-14 13:00:00,148.649,148.78799999999998,148.51399999999998,148.66299999999998,148.665,148.80100000000002,148.529,148.699,23886
733,2025-03-14 14:00:00,148.66299999999998,148.88799999999998,148.343,148.45399999999998,148.699,148.904,148.356,148.466,46497
734,2025-03-14 15:00:00,148.45399999999998,148.563,148.362,148.51,148.466,148.579,148.376,148.526,28658
735,2025-03-14 16:00:00,148.51,148.51999999999998,148.25199999999998,148.349,148.526,148.53300000000002,148.267,148.365,19838
736,2025-03-14 17:00:00,148.349,148.498,148.31099999999998,148.42999999999998,148.365,148.512,148.324,148.447,15126
737,2025-03-14 18:00:00,148.42999999999998,148.57999999999998,148.42999999999998,148.533,148.447,148.59300000000002,148.446,148.54500000000002,12733
738,2025-03-14 19:00:00,148.533,148.655,148.49699999999999,148.64,148.54500000000002,148.67000000000002,148.50900000000001,148.655,19160
739,2025-03-14 20:00:00,148.64,148.66199999999998,148.559,148.61499999999998,148.655,148.692,148.579,148.65,8898
740,2025-03-16 19:00:00,148.61499999999998,148.744,148.541,148.715,148.65,148.85,148.648,148.824,64
741,2025-03-16 20:00:00,148.715,148.76399999999998,148.701,148.748,148.824,148.83,148.788,148.796,112
742,2025-03-16 21:00:00,148.748,148.826,148.7,148.719,148.796,148.886,148.757,148.83700000000002,1182
743,2025-03-16 22:00:00,148.719,148.791,148.563,148.564,148.83700000000002,148.83700000000002,148.576,148.58100000000002,13378
744,2025-03-16 23:00:00,148.564,148.694,148.487,148.59699999999998,148.58100000000002,148.711,148.505,148.614,16902
745,2025-03-17 00:00:00,148.59699999999998,148.88,148.46599999999998,148.78799999999998,148.614,148.894,148.482,148.802,33072
746,2025-03-17 01:00:00,148.78799999999998,148.892,148.554,148.60999999999999,148.802,148.905,148.567,148.627,26736
747,2025-03-17 02:00:00,148.60999999999999,148.7,148.529,148.643,148.627,148.715,148.54500000000002,148.657,22492
748,2025-03-17 03:00:00,148.643,148.807,148.565,148.72199999999998,148.657,148.822,148.579,148.73600000000002,19460
749,2025-03-17 04:00:00,148.72199999999998,149.035,148.714,149.03099999999998,148.73600000000002,149.049,148.728,149.04500000000002,20546
750,2025-03-17 05:00:00,149.03099999999998,149.059,148.884,148.976,149.04500000000002,149.07500000000002,148.9,148.99,21896
751,2025-03-17 06:00:00,148.976,149.09099999999998,148.79299999999998,148.957,148.99,149.106,148.809,148.971,26830
752,2025-03-17 07:00:00,148.957,148.99099999999999,148.81699999999998,148.833,148.971,149.004,148.829,148.845,25910
753,2025-03-17 08:00:00,148.833,148.975,148.677,148.91899999999998,148.845,148.99,148.69,148.93200000000002,36328
754,2025-03-17 09:00:00,148.91899999999998,148.929,148.589,148.658,148.93200000000002,148.942,148.604,148.671,31232
755,2025-03-17 10:00:00,148.658,148.673,148.47299999999998,148.49099999999999,148.671,148.68800000000002,148.488,148.504,28318
756,2025-03-17 11:00:00,148.49099999999999,148.54899999999998,148.409,148.45,148.504,148.56300000000002,148.423,148.465,21914
757,2025-03-17 12:00:00,148.45,148.944,148.35399999999998,148.81099999999998,148.465,148.958,148.391,148.827,49774
758,2025-03-17 13:00:00,148.81099999999998,149.087,148.72,148.825,148.827,149.101,148.733,148.839,56768
759,2025-03-17 14:00:00,148.825,148.84199999999998,148.564,148.593,148.839,148.86,148.578,148.608,62954
760,2025-03-17 15:00:00,148.593,148.653,148.435,148.553,148.608,148.669,148.451,148.565,45340
761,2025-03-17 16:00:00,148.553,148.724,148.51399999999998,148.72199999999998,148.565,148.739,148.52700000000002,148.734,31812
762,2025-03-17 17:00:00,148.72199999999998,149.018,148.695,148.982,148.734,149.034,148.709,148.997,24166
763,2025-03-17 18:00:00,148.982,149.236,148.94299999999998,149.171,148.997,149.248,148.959,149.183,28410
764,2025-03-17 19:00:00,149.171,149.279,149.13299999999998,149.152,149.183,149.292,149.147,149.167,23630
765,2025-03-17 20:00:00,149.152,149.25699999999998,149.046,149.19199999999998,149.167,149.282,149.06,149.222,11316
766,2025-03-17 21:00:00,149.19199999999998,149.196,149.09199999999998,149.131,149.222,149.279,149.147,149.173,474
767,2025-03-17 22:00:00,149.131,149.32899999999998,149.131,149.32399999999998,149.173,149.342,149.162,149.341,5078
768,2025-03-17 23:00:00,149.32399999999998,149.396,149.30499999999998,149.391,149.341,149.409,149.318,149.405,12398
769,2025-03-18 00:00:00,149.391,149.482,149.25,149.451,149.405,149.496,149.262,149.467,25438
770,2025-03-18 01:00:00,149.451,149.53,149.35299999999998,149.423,149.467,149.543,149.369,149.437,21380
771,2025-03-18 02:00:00,149.423,149.718,149.393,149.665,149.437,149.731,149.406,149.679,21280
772,2025-03-18 03:00:00,149.665,149.719,149.637,149.684,149.679,149.734,149.651,149.699,14136
773,2025-03-18 04:00:00,149.684,149.72799999999998,149.53699999999998,149.552,149.699,149.741,149.549,149.567,14450
774,2025-03-18 05:00:00,149.552,149.73399999999998,149.50699999999998,149.731,149.567,149.746,149.519,149.743,14920
775,2025-03-18 06:00:00,149.731,149.873,149.721,149.72899999999998,149.743,149.885,149.733,149.745,20808
776,2025-03-18 07:00:00,149.72899999999998,149.85399999999998,149.703,149.825,149.745,149.86700000000002,149.715,149.839,25216
777,2025-03-18 08:00:00,149.825,149.89499999999998,149.64499999999998,149.748,149.839,149.907,149.659,149.762,25282
778,2025-03-18 09:00:00,149.748,149.843,149.697,149.783,149.762,149.856,149.709,149.79500000000002,21638
779,2025-03-18 10:00:00,149.783,149.814,149.59099999999998,149.64499999999998,149.79500000000002,149.827,149.604,149.65800000000002,26362
780,2025-03-18 11:00:00,149.64499999999998,149.765,149.55599999999998,149.73999999999998,149.65800000000002,149.778,149.568,149.754,20220
781,2025-03-18 12:00:00,149.73999999999998,149.92999999999998,149.626,149.83499999999998,149.754,149.94400000000002,149.638,149.848,30226
782,2025-03-18 13:00:00,149.83499999999998,149.88899999999998,149.589,149.59199999999998,149.848,149.90200000000002,149.602,149.607,49202
783,2025-03-18 14:00:00,149.59199999999998,149.743,149.44199999999998,149.71099999999998,149.607,149.757,149.455,149.725,48694
784,2025-03-18 15:00:00,149.71099999999998,149.71099999999998,149.41,149.489,149.725,149.725,149.424,149.501,44226
785,2025-03-18 16:00:00,149.489,149.643,149.27499999999998,149.405,149.501,149.659,149.28900000000002,149.42000000000002,33648
786,2025-03-18 17:00:00,149.405,149.415,149.209,149.245,149.42000000000002,149.429,149.22400000000002,149.258,34880
787,2025-03-18 18:00:00,149.245,149.248,149.09099999999998,149.236,149.258,149.262,149.104,149.249,30752
788,2025-03-18 19:00:00,149.236,149.286,149.13799999999998,149.271,149.249,149.299,149.15200000000002,149.284,23940
789,2025-03-18 20:00:00,149.271,149.386,149.25799999999998,149.26,149.284,149.4,149.278,149.3,8784
790,2025-03-18 21:00:00,149.26,149.267,149.178,149.227,149.3,149.358,149.232,149.282,2326
791,2025-03-18 22:00:00,149.227,149.396,149.183,149.385,149.282,149.411,149.204,149.4,4888
792,2025-03-18 23:00:00,149.385,149.468,149.27599999999998,149.435,149.4,149.482,149.288,149.447,11080
793,2025-03-19 00:00:00,149.435,149.64,149.29,149.624,149.447,149.653,149.306,149.64000000000001,24362
794,2025-03-19 01:00:00,149.624,149.63199999999998,149.546,149.623,149.64000000000001,149.647,149.559,149.639,3874
